<Tower xmlns="http://schema.caplin.com/CaplinTrader/webcentricLayout" xmlns:caplin="http://schema.caplin.com/CaplinTrader/caplinPanel" splitters="true">
	<FrameItems>
		<Terrace splitters="true">
			<FrameItems>
				<caplin:Panel caption="@{layout.fx.panel.caption.trade_panel}" drop_target="SNAP_FRAMEITEM" colour="colour-1">
					<Decorators xref="Declarations/Decorators[@id='basicDecorator']" />
					<state>
						<tileView baseTemplate="FX">
							<tiles>
								<tile instrument="/FX/EURGBP" />
								<tile instrument="/FX/EURUSD" />
								<tile instrument="/FX/GBPJPY" />
							</tiles>
						</tileView>
					</state>
				</caplin:Panel>
				<Tower splitters="true">
					<FrameItems>
						<caplin:Panel caption="@{layout.fx.panel.caption.major}" drop_target="SNAP_FRAMEITEM" colour="colour-15" decorators="basicDecorator">
							<state>
								<grid baseGrid="FX.Major"/>
							</state>
						</caplin:Panel>
						<Stack colour="colour-12" decorators="stackDecorator">
							<FrameItems>
								<caplin:Panel caption="@{layout.fx.panel.caption.g8}" drop_target="SNAP_FRAMEITEM" colour="colour-12" decorators="basicDecorator">
									<state>
										<grid baseGrid="FX.G8"/>
									</state>
								</caplin:Panel>
								<caplin:Panel caption="@{layout.fx.panel.caption.emerging}" drop_target="SNAP_FRAMEITEM" colour="colour-12" decorators="basicDecorator">
									<state>
										<grid baseGrid="FX.Emerging"/>
									</state>
								</caplin:Panel>
							</FrameItems>
						</Stack>
					</FrameItems>
				</Tower>
				<Tower splitters="true">
					<FrameItems>
						<Stack colour="colour-8" decorators="stackDecorator">
							<FrameItems>
								<caplin:Panel caption="@{layout.fx.panel.caption.se_asia}" drop_target="SNAP_FRAMEITEM" colour="colour-6" decorators="basicDecorator">
									<state>
										<grid baseGrid="FX.SE_Asia"/>
									</state>
								</caplin:Panel>
								<caplin:Panel caption="@{layout.fx.panel.caption.s_asia}" drop_target="SNAP_FRAMEITEM" colour="colour-6" decorators="basicDecorator">
									<state>
										<grid baseGrid="FX.South_Asia"/>
									</state>
								</caplin:Panel>
							</FrameItems>
						</Stack>
						<Stack colour="colour-16" decorators="stackDecorator">
							<FrameItems>
								<caplin:Panel caption="@{layout.fx.panel.caption.europe}" drop_target="SNAP_FRAMEITEM" colour="colour-16" decorators="basicDecorator">
									<state>
										<grid baseGrid="FX.European" />
									</state>
								</caplin:Panel>
								<caplin:Panel caption="@{layout.fx.panel.caption.e_europe}" drop_target="SNAP_FRAMEITEM" colour="colour-6" decorators="basicDecorator">
									<state>
										<grid baseGrid="FX.East_European" />
									</state>
								</caplin:Panel>
							</FrameItems>
						</Stack>
					</FrameItems>
				</Tower>
			</FrameItems>
		</Terrace>
		<caplin:Panel caption="@{layout.fx.panel.caption.fx_blotter}" drop_target="SNAP_FRAMEITEM" colour="colour-14" decorators="basicDecorator" height="200" pkey="/BLOTTER_FX/%u/CHANNEL::VIEW">
			<state>
				<grid baseGrid="FX.Blotter" />
			</state>
		</caplin:Panel>
	</FrameItems>
</Tower>