<?xml version="1.0" encoding="UTF-8"?>
<rendererDefinitions xmlns="http://schema.caplin.com/CaplinTrader/rendererDefinitions">

	
	<!-- *************************** -->
	<!-- ***  FX PRICE RENDERERS *** -->
	<!-- *************************** -->
	
	<renderer type="fx-price">
		<control className="caplin.control.basic.TextControl">
			<handler className="caplinx.fxgrids.handler.TradeOnClickHandler"/>
		</control>
		<downstream>
			<transform className="caplin.element.styler.ClassFlashStyler" exclude="RECORD_STATUS,TRADABLE">
				<attribute name="duration" value="500"/>
				<attribute name="onAncestor" value="1"/>
			</transform>
			<transform className="caplin.element.formatter.ThousandsFormatter">
				<attribute name="nullValue" value=""/>
			</transform>
			<transform className="caplinx.fxgrids.styler.PriceStyler" include="RECORD_STATUS,TRADABLE">
				<attribute name="recordStatus" value="${RECORD_STATUS}" />
				<attribute name="tradableState" value="${TRADABLE}" />
				<attribute name="class-tradable" value="tradablePrices" />
				<attribute name="class-stale" value="stale" />
				<attribute name="class-tradablestale" value="tradablestale" />
			</transform>
		</downstream>
	</renderer>
	
	<renderer type="fx-pips-price">
		<control className="caplin.control.complex.PipsControl">
			<handler className="caplinx.fxgrids.handler.TradeOnClickHandler"/>
		</control>
		<downstream>
			<transform className="caplin.element.styler.ClassFlashStyler" exclude="RECORD_STATUS,TRADABLE">
				<attribute name="duration" value="500"/>
				<attribute name="onAncestor" value="1"/>
			</transform>
			<transform className="caplin.element.formatter.ThousandsFormatter">
				<attribute name="nullValue" value=""/>
			</transform>
			<transform className="caplinx.fxgrids.styler.PriceStyler" include="RECORD_STATUS,TRADABLE">
				<attribute name="recordStatus" value="${RECORD_STATUS}" />
				<attribute name="tradableState" value="${TRADABLE}" />
				<attribute name="class-tradable" value="tradablePrices" />
				<attribute name="class-stale" value="stale" />
				<attribute name="class-tradablestale" value="tradablestale" />
			</transform>
			<transform className="caplinx.fxgrids.styler.PipsStyler">
				<attribute name="smallPip" value="${SmallPip}" />
			</transform>
		</downstream>
	</renderer>
	
	<renderer type="fx-spread-price">
		<control className="caplin.control.basic.TextControl">
			<handler className="caplinx.fxgrids.handler.TradeOnClickHandler"/>
		</control>
		<downstream>
			<transform className="caplin.element.styler.ClassFlashStyler" exclude="RECORD_STATUS,TRADABLE">
				<attribute name="duration" value="500"/>
				<attribute name="onAncestor" value="2"/>
			</transform>
			<transform className="caplin.element.formatter.ThousandsFormatter">
				<attribute name="nullValue" value=""/>
			</transform>
			<transform className="caplinx.fxgrids.styler.PriceStyler" include="RECORD_STATUS,TRADABLE">
				<attribute name="recordStatus" value="${RECORD_STATUS}" />
				<attribute name="tradableState" value="${TRADABLE}" />
				<attribute name="class-tradable" value="tradablePrices" />
				<attribute name="class-stale" value="stale" />
				<attribute name="class-tradablestale" value="tradablestale" />
			</transform>
		</downstream>
	</renderer>
	
	<renderer type="fx-spread" streams="bid,ask">
		<template>
			<var><renderer type="fx-spread-price" stream="bid"/> / <renderer type="fx-spread-price" stream="ask"/></var>
		</template>		
	</renderer>
	
	<renderer type="fx-date">
		<control className="caplin.control.basic.TextControl"/>
		<downstream>
			<transform className="caplin.element.formatter.DateFormatter">
				<attribute name="inputFormat" value="Ymd"/>
				<attribute name="outputFormat" value="localize"/>
			</transform>
			<transform className="caplin.element.formatter.NullValueFormatter">
				<attribute name="nullValue" value=""/>
			</transform>
		</downstream>
	</renderer>

	<renderer type="fx-personal-grid-remove-row-button">
		<control className="caplin.control.basic.ImageControl">
			<![CDATA[<div style='position:relative;overflow:hidden;width:14px;height:13px;'><img style='width:14px;height:54px;left:0px;position:absolute;' src='source/theme/packages/grid/images/delete-rows/personal-grid-delete-row-button.gif'></img></div>]]>
			<top-mouseout>0</top-mouseout>
			<top-mouseover>13</top-mouseover>
			<top-mousedown>26</top-mousedown>
			<top-disabled>39</top-disabled>
			<handler className="caplinx.fxgrids.handler.RemoveGridRowOnClickHandler"/>
		</control>
		<downstream>
			<transform className="caplin.element.styler.RemoveButtonStyler" include="RECORD_STATUS">
				<attribute name="containerStatus" value="${CONTAINER_STATUS}" />
				<attribute name="recordStatus" value="${RECORD_STATUS}" />
				<attribute name="non-stale-tooltip" value="Click to remove" />
				<attribute name="stale-tooltip" value="disabled" />
			</transform>			
			<transform className="caplin.element.styler.ClassStyler">
				<attribute name="class" value="ImageButton"/>  <!-- CSS rule to apply cursor pointer -->
				<attribute name="state" value="true"/>
			</transform>
		</downstream>
	</renderer>

    <renderer type="fx-timestamp">
		<control className="caplin.control.basic.TextControl"/>
		<downstream>
			<transform className="caplin.element.formatter.TimeFormatter" />
			<transform className="caplin.element.formatter.NullValueFormatter">
				<attribute name="nullValue" value=""/>
			</transform>
		</downstream>
	</renderer>
	
	<renderer type="fx-expandable">
		<control className="caplin.control.basic.ExpandableGridRowControl">
			<handler className="caplinx.fxgrids.handler.ExpandableRowHandler" />
		</control>
		<downstream>
			<transform className="caplin.element.formatter.NullValueFormatter">
				<attribute name="nullValue" value=""/>
			</transform>
			<transform className="caplinx.fxgrids.styler.ExpandableRowStyler">
				<attribute name="instrument" value="${InstrumentDescription}" />
				<attribute name="parentRowId" value="${ParentRowId}"/>
				<attribute name="expandedRowId" value="${ExpandedRowId}"/>
				<attribute name="rowState" value="${RowState}"/>
				<attribute name="expandableClass" value="expandableRow"/>
				<attribute name="expandableExpandedClass" value="expandableRowExpanded"/>
				<attribute name="childClass" value="expandedChildRow"/>
				<attribute name="lastChildClass" value="lastExpandedChildRow"/>
			</transform>
		</downstream>
	</renderer>
	
	<renderer type="fx-readable-number">
		<control className="caplin.control.basic.TextControl"/>
		<downstream>
			<transform className="caplin.element.formatter.ThousandsFormatter">
				<attribute name="nullValue" value=""/>
			</transform>
		</downstream>
	</renderer>

</rendererDefinitions>
