<?xml version="1.0" encoding="UTF-8"?><treeViewDefinitions xmlns="http://schema.caplin.com/CaplinTrader/treeViewDefinitions">	<treeNodeMappings>		<treeNodeMapping id="container" className="caplin.component.tree.RttpContainerTreeNode"/>	</treeNodeMappings>
	<templates>		<treeViewTemplate id="FXTree" animate="false" loadFolderContent="onInitialize" enableDrag="true" 				rootVisible="false" ddGroup="fxInstruments" nodeTextFields="InstrumentDescription" margin="5">						<folder id="Major" type="container" value="/CONTAINER/FX/Major" caption="@{treeviewdefinitions.major}"></folder>			<folder id="Minor" type="container" value="/CONTAINER/FX/Minor" caption="@{treeviewdefinitions.minor}"></folder>			<folder id="G8" type="container" value="/CONTAINER/FX/G8" caption="@{treeviewdefinitions.g8}"></folder>			<folder id="Emerging" type="container" value="/CONTAINER/FX/Emerging" caption="@{treeviewdefinitions.emerging}"></folder>			<folder id="SE_Asia" type="container" value="/CONTAINER/FX/SE_Asia" caption="@{treeviewdefinitions.se_asia}"></folder>			<folder id="South_Asia" type="container" value="/CONTAINER/FX/South_Asia" caption="@{treeviewdefinitions.s_asia}"></folder>			<folder id="European" type="container" value="/CONTAINER/FX/European" caption="@{treeviewdefinitions.europe}"></folder>			<folder id="East_European" type="container" value="/CONTAINER/FX/East_European" caption="@{treeviewdefinitions.e_europe}"></folder>			<folder id="Metals" type="container" value="/CONTAINER/FX/Metals" caption="@{treeviewdefinitions.metals}"></folder>		</treeViewTemplate>	</templates></treeViewDefinitions>