<?xml version="1.0" encoding="UTF-8"?>
<rendererDefinitions xmlns="http://schema.caplin.com/CaplinTrader/rendererDefinitions">

	
	<!-- *************************** -->
	<!-- ***  FI PRICE RENDERERS *** -->
	<!-- *************************** -->
	
	<renderer type="fi-yield">
		<control className="caplin.control.basic.TextControl"/>
		<downstream>
			<transform className="caplin.element.styler.ClassFlashStyler" exclude="RECORD_STATUS,TRADABLE">
				<attribute name="duration" value="500"/>
				<attribute name="onAncestor" value="1"/>
				<attribute name="flashing-up" value="flashing-up-yield"/>
				<attribute name="flashing-down" value="flashing-down-yield"/>
				<attribute name="last-up" value="last-up-yield"/>
				<attribute name="last-down" value="last-down-yield"/>
			</transform>
			<transform className="caplin.element.formatter.DecimalFormatter">
				<attribute name="dp" value="3"/>
			</transform>
			<transform className="caplin.element.formatter.ThousandsFormatter">
				<attribute name="nullValue" value=""/>
			</transform>
			<transform className="caplinb.figrids.styler.PriceStyler" include="RECORD_STATUS">
				<attribute name="recordStatus" value="${RECORD_STATUS}" />
				<attribute name="tradableState" value="false" />
				<attribute name="class-tradable" value="tradablePrices" />
				<attribute name="class-stale" value="stale" />
				<attribute name="class-tradablestale" value="tradablestale" />
			</transform>
		</downstream>
	</renderer>
	
	<renderer type="fi-price">
		<control className="caplin.control.basic.TextControl">
			<handler className="caplinb.figrids.handler.TradeOnClickHandler"/>
		</control>
		<downstream>
			<transform className="caplin.element.styler.ClassFlashStyler" exclude="RECORD_STATUS,TRADABLE">
				<attribute name="duration" value="500"/>
				<attribute name="onAncestor" value="1"/>
			</transform>
			<transform className="caplin.element.formatter.InvalidPriceFormatter">
				<attribute name="invalidPrice" value="-"/>
			</transform>
			<transform className="caplin.element.formatter.TruncateDecimalFormatter">
				<attribute name="dp" value="2"/>
			</transform>
			<transform className="caplin.element.formatter.InvalidPriceFormatter">
				<attribute name="invalidPrice" value="-"/>
			</transform>
			<transform className="caplin.element.formatter.ThousandsFormatter">
				<attribute name="nullValue" value=""/>
			</transform>
			<transform className="caplinb.figrids.styler.PriceStyler">
				<attribute name="recordStatus" value="${RECORD_STATUS}" />
				<attribute name="tradableState" value="${TRADABLE}" />
				<attribute name="class-tradable" value="tradablePrices" />
				<attribute name="class-stale" value="stale" />
				<attribute name="class-tradablestale" value="tradablestale" />
			</transform>			
		</downstream>
	</renderer>
	
	<renderer type="fi-spread-price">
		<control className="caplin.control.basic.TextControl">
			<handler className="caplinb.figrids.handler.TradeOnClickHandler"/>
		</control>
		<downstream>
			<transform className="caplin.element.styler.ClassFlashStyler" exclude="RECORD_STATUS,TRADABLE">
				<attribute name="duration" value="500"/>
				<attribute name="onAncestor" value="2"/>
			</transform>
			<transform className="caplin.element.formatter.InvalidPriceFormatter">
				<attribute name="invalidPrice" value="-"/>
			</transform>
			<transform className="caplin.element.formatter.TruncateDecimalFormatter">
				<attribute name="dp" value="2"/>
			</transform>
			<transform className="caplin.element.formatter.ThousandsFormatter">
				<attribute name="nullValue" value=""/>
			</transform>
			<transform className="caplin.element.formatter.InvalidPriceFormatter">
				<attribute name="invalidPrice" value="-"/>
			</transform>
			<transform className="caplinb.figrids.styler.PriceStyler">
				<attribute name="recordStatus" value="${RECORD_STATUS}" />
				<attribute name="tradableState" value="${TRADABLE}" />
				<attribute name="class-tradable" value="tradablePrices" />
				<attribute name="class-stale" value="stale" />
				<attribute name="class-tradablestale" value="tradablestale" />
			</transform>			
		</downstream>
	</renderer>
	
	<renderer type="fi-spread" streams="bid,ask">
		<template>
			<var><renderer type="fi-spread-price" stream="bid"/> / <renderer type="fi-spread-price" stream="ask"/></var>
		</template>		
	</renderer>
	
	<renderer type="fi-coupon">
		<control className="caplin.control.basic.TextControl"/>
		<downstream>
			<transform className="caplin.element.formatter.NullValueFormatter">
				<attribute name="nullValue" value=""/>
			</transform>
			<transform className="caplin.element.formatter.DecimalFormatter">
				<attribute name="dp" value="3"/>
			</transform>
			<transform className="caplin.element.formatter.ThousandsFormatter">
				<attribute name="nullValue" value=""/>
			</transform>
		</downstream>
	</renderer>
	
	<renderer type="fi-maturity">
		<control className="caplin.control.basic.TextControl"/>
		<downstream>
			<transform className="caplin.element.formatter.DateFormatter">
				<attribute name="inputFormat" value="Ymd"/>
				<attribute name="outputFormat" value="localize"/>
			</transform>
			<transform className="caplin.element.formatter.NullValueFormatter">
				<attribute name="nullValue" value=""/>
			</transform>
		</downstream>
	</renderer>
	
	<renderer type="time-series-maturity">
		<control className="caplin.control.basic.TextControl"/>
		<downstream>
			<transform className="caplin.element.formatter.DateFormatter">
				<attribute name="inputFormat" value="java"/>
				<attribute name="outputFormat" value="localize"/>
			</transform>
			<transform className="caplin.element.formatter.NullValueFormatter">
				<attribute name="nullValue" value=""/>
			</transform>
		</downstream>
	</renderer>
	
	<renderer type="snapshot-maturity">
		<control className="caplin.control.basic.TextControl"/>
		<downstream>
			<transform className="caplinb.figrids.formatter.SnapshotMaturityDateFormatter" />
			<transform className="caplin.element.formatter.NullValueFormatter">
				<attribute name="nullValue" value=""/>
			</transform>
		</downstream>
	</renderer>

	<renderer type="personal-grid-remove-row-button">
		<control className="caplin.control.basic.ImageControl">
			<![CDATA[<div style='position:relative;overflow:hidden;width:14px;height:13px;'><img style='width:14px;height:54px;left:0px;position:absolute;' src='source/theme/packages/grid/images/delete-rows/personal-grid-delete-row-button.gif'></img></div>]]>
			<top-mouseout>0</top-mouseout>
			<top-mouseover>13</top-mouseover>
			<top-mousedown>26</top-mousedown>
			<top-disabled>39</top-disabled>
			<handler className="caplinb.figrids.handler.RemoveGridRowOnClickHandler"/>
		</control>
		<downstream>
			<transform className="caplin.element.styler.RemoveButtonStyler" include="RECORD_STATUS">
				<attribute name="containerStatus" value="${CONTAINER_STATUS}" />
				<attribute name="recordStatus" value="${RECORD_STATUS}" />
				<attribute name="non-stale-tooltip" value="Click to remove" />
				<attribute name="stale-tooltip" value="disabled" />
			</transform>			
			<transform className="caplin.element.styler.ClassStyler">
				<attribute name="class" value="ImageButton"/>  <!-- CSS rule to apply cursor pointer -->
				<attribute name="state" value="true"/>
			</transform>
		</downstream>
	</renderer>

	<renderer type="countdown-cell-progress-bar">
		<control className="caplin.control.basic.ProgressGridCellControl"/>
		<downstream>
			<transform className="caplin.element.styler.ProgressCellStyler" include="OverallTimeOutLeft, OverallTimeOut">
				<attribute name="TimeOutLeft" value="${OverallTimeOutLeft}" />
				<attribute name="TimeOut" value="${OverallTimeOut}" />
				<attribute name="BarColor" value="green" />
				<attribute name="ImminentTimeoutPercentage" value="30" />
				<attribute name="ImminentTimeoutBarColor" value="red" />
			</transform> 			
		</downstream>
	</renderer>

	<renderer type="hit-lift-trade-button">
		<control className="caplin.control.basic.ImageTextControl">
			<![CDATA[<div><div class=buttonHolder><div class=buttonLeft></div><div class=buttonRight></div></div><span class=buttonText></span></div>]]>
			<top-mouseout>0</top-mouseout>
			<top-mouseover>15</top-mouseover>
			<top-mousedown>30</top-mousedown>
			<top-disabled>45</top-disabled>
			<handler className="caplinb.figrids.handler.HitLiftOnClickHandler">
				<attribute name="RequestID" value="${RequestID}" />
			</handler>
		</control>
		<downstream>
			<transform className="caplinb.figrids.formatter.HitLiftButtonFormatter" include="L1_BuySell">
				<attribute name="BuySell" value="${L1_BuySell}" />
			</transform>
			<transform className="caplin.element.styler.ButtonStyler" include="State">
				<attribute name="state" value="${State}" />
				<attribute name="enabled-states" value="QuoteOnTheWire,QuoteSubject" />
				<attribute name="hidden-states" value="Error,Done,Timeout,CustRejected,DealerRejected" />
			</transform>			
			<transform className="caplin.element.styler.ClassStyler" include="L1_BuySell">
				<attribute name="class" value="lift"/>
				<attribute name="state" value="${L1_BuySell}"/>
				<attribute name="true" value="Bid"/>
			</transform>
			<transform className="caplin.element.styler.ClassStyler">
				<attribute name="class" value="ImageButton"/>  <!-- CSS rule to apply cursor pointer -->
				<attribute name="state" value="true"/>
			</transform>
		</downstream>
	</renderer>
	
	<renderer type="cancel-trade-button">
		<control className="caplin.control.basic.ImageControl">
			<![CDATA[<div><div class=buttonHolder><div class=buttonLeft></div><div class=buttonRight></div></div><span class=buttonText>Cancel</span></div>]]>
			<top-mouseout>0</top-mouseout>
			<top-mouseover>15</top-mouseover>
			<top-mousedown>30</top-mousedown>
			<top-disabled>45</top-disabled>
			<handler className="caplinb.figrids.handler.CancelOnClickHandler">
				<attribute name="RequestID" value="${RequestID}" />
			</handler>
		</control>
		<downstream>
			<transform className="caplin.element.styler.ButtonStyler" include="State">
				<attribute name="state" value="${State}" />
				<attribute name="enabled-states" value="OrderSent,QuoteRequested,QuoteOnTheWire,QuoteSubject" />
				<attribute name="hidden-states" value="Error,Done,Timeout,CustRejected,DealerRejected" />
			</transform>
			<transform className="caplin.element.styler.ClassStyler">
				<attribute name="class" value="ImageButton"/>  <!-- CSS rule to apply cursor pointer -->
				<attribute name="state" value="true"/>
			</transform>
		</downstream>
	</renderer>

	<renderer type="portfolio-index">
		<control className="caplin.control.basic.TextControl"/>
		<downstream>
			<transform className="caplin.element.formatter.NullValueFormatter">
				<attribute name="nullValue" value=""/>
			</transform>
		</downstream>
	</renderer>

	<renderer type="portfolio-description">
		<control className="caplin.control.basic.TextControl" />
		<downstream>
			<transform className="caplin.element.formatter.NullValueFormatter">
				<attribute name="nullValue" value=""/>
			</transform>
			<transform className="caplinb.figrids.styler.RecentEntryStyler" include="PortfolioUTC">
				<attribute name="lastModifiedTime" value="${PortfolioUTC}" />
			</transform>
			<transform className="caplin.element.styler.EllipsisStyler"/>
			<transform className="caplin.element.styler.TooltipStyler">
				<attribute name="tooltip" value="{0}"/>
			</transform>
			<transform className="caplin.element.styler.ClassStyler">
				<attribute name="class" value="PortfolioManagerFillStyle"/>  
				<attribute name="state" value="true"/>
			</transform>
		</downstream>
	</renderer>
	
	<renderer type="portfolio-totals">
		<control className="caplin.control.basic.TextControl" />
		<downstream>
			<transform className="caplin.element.formatter.DecimalFormatter">
				<attribute name="dp" value="${DP}" default="3"/>
			</transform>
			<transform className="caplin.element.formatter.ThousandsFormatter">
				<attribute name="nullValue" value=""/>
			</transform>
		</downstream>
	</renderer>
	
	<renderer type="portfolio-date">
		<control className="caplin.control.basic.TextControl"/>
		<downstream>
			<transform className="caplin.element.formatter.DateFormatter">
				<attribute name="inputFormat" value="Ymd"/>
				<attribute name="outputFormat" value="localize"/>
			</transform>
			<transform className="caplin.element.formatter.NullValueFormatter">
				<attribute name="nullValue" value=""/>
			</transform>
		</downstream>
	</renderer>	

    <renderer type="timestamp">
		<control className="caplin.control.basic.TextControl"/>
		<downstream>
			<transform className="caplin.element.formatter.TimeFormatter" />
			<transform className="caplin.element.formatter.NullValueFormatter">
				<attribute name="nullValue" value=""/>
			</transform>
		</downstream>
	</renderer>
	
	<renderer type="expandable">
		<control className="caplin.control.basic.ExpandableGridRowControl">
			<handler className="caplinb.figrids.handler.ExpandableRowHandler" />
		</control>
		<downstream>
			<transform className="caplin.element.formatter.NullValueFormatter">
				<attribute name="nullValue" value=""/>
			</transform>
			<transform className="caplinb.figrids.styler.ExpandableRowStyler">
				<attribute name="instrument" value="${InstrumentDescription}" />
				<attribute name="parentRowId" value="${ParentRowId}"/>
				<attribute name="expandedRowId" value="${ExpandedRowId}"/>
				<attribute name="rowState" value="${RowState}"/>
				<attribute name="expandableClass" value="expandableRow"/>
				<attribute name="expandableExpandedClass" value="expandableRowExpanded"/>
				<attribute name="childClass" value="expandedChildRow"/>
				<attribute name="lastChildClass" value="lastExpandedChildRow"/>
			</transform>
		</downstream>
	</renderer>
	
	<renderer type="readable-number">
		<control className="caplin.control.basic.TextControl"/>
		<downstream>
			<transform className="caplin.element.formatter.ThousandsFormatter">
				<attribute name="nullValue" value=""/>
			</transform>
		</downstream>
	</renderer>

</rendererDefinitions>
