<?xml version="1.0"?>
<rendererDefinitions xmlns="http://schema.caplin.com/CaplinTrader/rendererDefinitions">


	 <renderer type="amount-input">
	  <control name="caplin.control.basic.InputControl">
	    <handler name="caplinx.tradelist.view.handler.AmountChangeHandler">
		  <attribute name="oldValue" value="${Amount}"/>
	    </handler>
	    <handler name="caplinx.tradelist.view.handler.EditHandler">
		  <attribute name="class" value="tradeAmountEdit"/>
	  	</handler>
	  </control>
	  <downstream>
	 	<transform className="caplin.element.formatter.NullValueFormatter">
				<attribute name="nullValue" value=""/>
		</transform>
		<transform className="caplin.element.formatter.ThousandsFormatter"/>
	  </downstream>
	  <upstream>
		<transform className="caplin.element.parser.ThousandsParser"/>
		<transform className="caplin.element.parser.AmountParser"/>
	  </upstream>
	</renderer>



	<renderer type="grid-renderer">
	  <control name="caplinx.tradelist.view.control.GridControl">
	  	<attribute name="gridId" value="TradeListGrid" />
		<attribute name="gridHeight" value="180" />
		<attribute name="gridWidth" value="538" />
	  </control>
	</renderer>

	<renderer type="default">
	  <control className="caplin.control.basic.TextControl"/>
	</renderer>

	<renderer type="tradelist-price">
	  <control className="caplin.control.basic.TextControl"/>
		<downstream>
			<transform className="caplin.element.formatter.InvalidPriceFormatter">
				<attribute name="invalidPrice" value="-"/>
			</transform>
			<transform className="caplin.element.formatter.TruncateDecimalFormatter">
				<attribute name="dp" value="2"/>
			</transform>
		</downstream>
	</renderer>

	<!-- Do we need to define it here, as it is the same from caplintrader reference implementation in CT2?-->
	<renderer type="tradelist-remove-row-button">
		<control className="caplin.control.basic.ImageControl">
			<![CDATA[<div style='position:relative;overflow:hidden;width:14px;height:13px;'><img style='width:14px;height:54px;left:0px;position:absolute;' src='source/theme/packages/grid/images/delete-rows/personal-grid-delete-row-button.gif'></img></div>]]>
			<top-mouseout>0</top-mouseout>
			<top-mouseover>13</top-mouseover>
			<top-mousedown>26</top-mousedown>
			<top-disabled>39</top-disabled>
			<handler className="caplin.element.handler.RemoveGridRowOnClickHandler"/>
		</control>
		<downstream>
			<transform className="caplin.element.styler.RemoveButtonStyler" include="RECORD_STATUS">
				<attribute name="containerStatus" value="${CONTAINER_STATUS}" />
				<attribute name="recordStatus" value="${RECORD_STATUS}" />
				<attribute name="non-stale-tooltip" value="Click to remove" />
				<attribute name="stale-tooltip" value="disabled" />
			</transform>
			<transform className="caplin.element.styler.ClassStyler">
				<attribute name="class" value="ImageButton"/>  <!-- CSS rule to apply cursor pointer -->
				<attribute name="state" value="true"/>
			</transform>
		</downstream>
	</renderer>
	 <renderer type="tradelist-settlement-date">
        <control type="caplin.control.basic.TextControl"/>
        <downstream>
            <transform name="caplin.element.formatter.DateFormatter">
                <attribute name="inputFormat" value="Ymd"/>
                <attribute name="outputFormat" value="d M Y"/>
            </transform>
            <transform name="caplin.element.formatter.NullValueFormatter">
                <attribute name="nullValue" value=""/>
            </transform>
        </downstream>
    </renderer>
	<renderer type="tradelist-buttons">
        <control type="caplin.control.basic.ImageControl">
			<top-mouseout>0</top-mouseout>
			<top-mouseover>20</top-mouseover>
        	<handler className="caplin.element.handler.ImageHoverHandler"/>
		</control>
    </renderer>
	<renderer type="button-hover">
        <control type="caplinx.tradelist.view.control.EmptyControl">
			 <handler name="caplinx.tradelist.view.handler.MouseOverHandler"/>
		</control>
    </renderer>
</rendererDefinitions>