<?xml version="1.0" encoding="UTF-8"?>
<compositeComponentDefinitions xmlns="http://schema.caplin.com/CaplinTrader/compositeComponentDefinitions">
	<controllerMappings>
		<controllerMapping id="buttonHeaderController" className="caplinx.alerts.view.controller.ButtonHeaderController"/>
	</controllerMappings>
	
	<compositeComponents>
		<compositeComponent id="notificationsGridButtonHeader" controller="buttonHeaderController">
			<tower>
			
				<component id="dismissButton" height="30px">
					<gridButtonBar>
						<button title="@{blade.alerts.grid.tab.button.dismiss}" handler="caplinx.alerts.view.handler.DismissButtonHandler"/>
					</gridButtonBar>
				</component>
				
				<component id="notificationsGrid">
					<grid baseTemplate="alerts.newNotifications" />
				</component>
				
			</tower>
		</compositeComponent>

		<compositeComponent id="activeTriggersGridButtonHeader" controller="buttonHeaderController">
			<tower>
 		
				<component id="deleteButton" height="30px">
					<gridButtonBar>
						<button title="@{blade.alerts.grid.tab.button.delete}" handler="caplinx.alerts.view.handler.DeleteButtonHandler"/>
					</gridButtonBar>
				</component>
		
				<component id="activeAlertsGrid">
					<grid baseTemplate="alerts.activeAlerts" />
				</component>
				
			</tower>
		</compositeComponent>
		
		<compositeComponent id="historyGridButtonHeader" controller="buttonHeaderController">
			<tower>
 		
				<component id="clearButton" height="30px">
					<gridButtonBar>
						<button title="@{blade.alerts.grid.tab.button.clear}" handler="caplinx.alerts.view.handler.ClearButtonHandler"/>
					</gridButtonBar>
				</component>
		
				<component id="historyGrid">
					<grid baseTemplate="alerts.log" />
				</component>
				
			</tower>
		</compositeComponent>
			
	</compositeComponents>
</compositeComponentDefinitions>