<?xml version="1.0" encoding="UTF-8"?>
<?xml-stylesheet type="text/xsl" href="gridDefinitions.xslt"?>

<gridDefinitions xmlns="http://schema.caplin.com/CaplinTrader/gridDefinitions">
	<dataProviderMappings>
		<dataProviderMapping id="rttpContainerGridDataProvider" className="caplin.grid.RttpContainerGridDataProvider"/>
		<dataProviderMapping id="chainedGridDataProvider" className="caplin.grid.dataprovider.ChainedGridDataProvider"/>
	</dataProviderMappings>

	<decoratorMappings>
		<decoratorMapping id="columnMenuDecorator" className="caplin.grid.decorator.ColumnMenuDecorator" />
		<decoratorMapping id="columnSortDecorator" className="caplin.grid.decorator.ColumnSortDecorator" />
		<decoratorMapping id="columnReorderingDecorator" className="caplin.grid.decorator.ColumnReorderingDecorator" />
		<decoratorMapping id="resetColumnsDecorator" className="caplin.grid.decorator.ResetColumnsDecorator" />
		<decoratorMapping id="loadingDataDecorator" className="caplin.grid.decorator.LoadingDataDecorator" />
		<decoratorMapping id="dragDecorator" className="caplin.grid.decorator.DragDecorator" />
		<decoratorMapping id="dropDecorator" className="caplin.grid.decorator.DropDecorator" />
		<decoratorMapping id="hoverDecorator" className="caplin.grid.decorator.HoverDecorator" />
		<decoratorMapping id="groupHeaderDecorator" className="caplin.grid.decorator.GroupHeaderDecorator" />
		<decoratorMapping id="openAjaxFiltersDecorator" className="caplin.grid.decorator.OpenAjaxFiltersDecorator" />
		<decoratorMapping id="requestDataOnCurrencyChangeDecorator" className="caplin.grid.decorator.RequestDataOnCurrencyChangeDecorator" />
		<decoratorMapping id="columnResizingDecorator" className="caplin.grid.decorator.ColumnResizingDecorator" />
		<decoratorMapping id="rowLoadingDecorator" className="caplin.grid.decorator.RowLoadingDecorator" />
		<decoratorMapping id="noDataFoundBubble" className="caplin.grid.decorator.NoDataFoundBubbleMessageDecorator" />
		<decoratorMapping id="selectionDecorator" className="caplin.grid.decorator.SelectionDecorator"/>
		
	</decoratorMappings>
	<templates>
		<gridTemplate id="alerts.activeAlerts" displayedColumns="AlertsName, AlertsInstrument,  AlertExpression">
			<decorators>
				<selectionDecorator singleSelection="false"/>
				<loadingDataDecorator showInitialLoad="true" />
				<hoverDecorator />			
				<columnSortDecorator />			
				<columnMenuDecorator />
				<columnResizingDecorator />		
				<columnReorderingDecorator/>		
				<rowLoadingDecorator imagePath="source/theme/packages/grid/decorator/images/loading-row.gif"/>
				<noDataFoundBubble headerText="@{blade.alerts.no_data_found_bubble.header_text}" bodyText="@{blade.alerts.activealerts.no_data_found_bubble.body_text}" 
					connectionLostHeaderText="@{blade.alerts.no_data_found_bubble.connection_lost_header_text}" connectionLostBodyText="@{blade.alerts.activealerts.no_data_found_bubble.connection_lost_body_text}"/>
			</decorators>
			<columnDefinitions>
				<column id="AlertsName" cellRenderer="alert-text" fields="name" displayName="@{blade.alerts.grid.tab.column.name}" width="170" mandatory="true" primaryFieldType="text" />
				<column id="AlertsInstrument" cellRenderer="alert-text" fields="instrument" displayName="@{blade.alerts.grid.tab.column.instrument}" width="170" mandatory="true" primaryFieldType="text" />
				<column id="AlertExpression" cellRenderer="alert-text" fields="alertCondition" displayName="@{blade.alerts.grid.tab.column.condition}" width="170" mandatory="true" primaryFieldType="text" />
			</columnDefinitions>
			<gridRowModel>
				<chainedGridDataProvider >
			    	<RowSource className="caplin.grid.rowsource.SortRowSource" />				
			    	<RowSource className="caplinx.alerts.rowsource.ActiveAlertsDefaultSortRowSource" />				
					<RowSource className="caplinx.alerts.rowsource.TriggerManagerRowSource" />
				</chainedGridDataProvider>
			</gridRowModel>
		</gridTemplate>
		<gridTemplate id="alerts.notifications" >
			<decorators>
				<loadingDataDecorator showInitialLoad="true" />
				<hoverDecorator />			
				<columnSortDecorator />			
				<columnMenuDecorator />
				<columnResizingDecorator />			
				<columnReorderingDecorator/>			
				<rowLoadingDecorator imagePath="source/theme/packages/grid/decorator/images/loading-row.gif"/>
			</decorators>
		</gridTemplate>
		<gridTemplate id="alerts.log" baseTemplate="alerts.notifications" displayedColumns="NotificationTime, AlertDescription">
			<decorators>
			<noDataFoundBubble headerText="@{blade.alerts.notification_history.no_data_found_bubble.header_text}" bodyText="@{blade.alerts.notification_history.no_data_found_bubble.body_text}" 
					noRowsFoundHeaderText="@{griddefinitions.no_products_found}" noRowsFoundBodyText="@{griddefinitions.adjust_search_criteria}" />
			</decorators>
			<gridRowModel>
				<filterExpression name="stateFilter">
					<fieldFilter field="status" operator="=" value="DISMISSED"/>
				</filterExpression>
				<chainedGridDataProvider >
			    	<RowSource className="caplin.grid.rowsource.SortRowSource" />
			    	<RowSource className="caplin.grid.rowsource.FilterRowSource" filterType="live"/>
					<RowSource className="caplinx.alerts.rowsource.NotificationRowSource" />
				</chainedGridDataProvider>
			</gridRowModel>
			<columnDefinitions>
				<column id="NotificationTime" cellRenderer="date" fields="time" displayName="@{blade.alerts.grid.tab.column.timetriggered}" width="170" mandatory="true" primaryFieldType="text" />
				<column id="AlertDescription" cellRenderer="text" headerRenderer="textFilter" fields="description" displayName="@{blade.alerts.grid.tab.column.description}" width="510" mandatory="true" primaryFieldType="text" />
				<column id="AlertSource" cellRenderer="text" headerRenderer="textFilter" fields="source" displayName="@{blade.alerts.grid.tab.column.source}" width="170" primaryFieldType="text" />
				<column id="AlertCategory" cellRenderer="text" headerRenderer="textFilter" fields="category" displayName="@{blade.alerts.grid.tab.column.category}" width="170" primaryFieldType="text" />
				<column id="AlertType" cellRenderer="text" headerRenderer="textFilter" fields="type" displayName="@{blade.alerts.grid.tab.column.type}" width="170" primaryFieldType="text" />
				<column id="AlertCustomField" cellRenderer="text" headerRenderer="textFilter" fields="AlertExampleCustomField" displayName="@{blade.alerts.grid.tab.column.customfield}" width="170" primaryFieldType="text" />
			</columnDefinitions>
		</gridTemplate>
		<gridTemplate id="alerts.newNotifications" baseTemplate="alerts.notifications" displayedColumns="NotificationTime, AlertDescription">
			<decorators>
				<selectionDecorator singleSelection="false"/>
				<noDataFoundBubble headerText="@{blade.alerts.notification.no_data_found_bubble.header_text}" bodyText="@{blade.alerts.notification.no_data_found_bubble.body_text}"
					connectionLostHeaderText="@{blade.alerts.no_data_found_bubble.connection_lost_header_text}" connectionLostBodyText="@{blade.alerts.notification.no_data_found_bubble.connection_lost_body_text}"
					noRowsFoundHeaderText="@{griddefinitions.no_products_found}" noRowsFoundBodyText="@{griddefinitions.adjust_search_criteria}" />
			</decorators>	
			<gridRowModel>
				<filterExpression name="stateFilter">
					<fieldFilter field="status" operator="=" value="NEW"/>
				</filterExpression>
				<chainedGridDataProvider >
			    	<RowSource className="caplin.grid.rowsource.SortRowSource" />
			    	<RowSource className="caplin.grid.rowsource.FilterRowSource" filterType="live"/>
					<RowSource className="caplinx.alerts.rowsource.NotificationRowSource" />
				</chainedGridDataProvider>
			</gridRowModel>
			<columnDefinitions>
				<column id="NotificationTime" cellRenderer="alert-date" fields="time" displayName="@{blade.alerts.grid.tab.column.timetriggered}" width="170" mandatory="true" primaryFieldType="text" />
				<column id="AlertDescription" cellRenderer="alert-text" headerRenderer="textFilter" fields="description" displayName="@{blade.alerts.grid.tab.column.description}" width="510" mandatory="true" primaryFieldType="text" />
				<column id="AlertSource" cellRenderer="alert-text" headerRenderer="textFilter" fields="source" displayName="@{blade.alerts.grid.tab.column.source}" width="170" primaryFieldType="text" />
				<column id="AlertCategory" cellRenderer="alert-text" headerRenderer="textFilter" fields="category" displayName="@{blade.alerts.grid.tab.column.category}" width="170" primaryFieldType="text" />
				<column id="AlertType" cellRenderer="alert-text" headerRenderer="textFilter" fields="type" displayName="@{blade.alerts.grid.tab.column.type}" width="170" primaryFieldType="text" />
				<column id="AlertCustomField" cellRenderer="alert-text" headerRenderer="textFilter" fields="AlertExampleCustomField" displayName="@{blade.alerts.grid.tab.column.customfield}" width="170" primaryFieldType="text" />
			</columnDefinitions>
		</gridTemplate>
		<gridTemplate id="alerts.test.pricing" displayedColumns="InstrumentDescription, BestBid, BestAsk">
			<decorators>
				<loadingDataDecorator showInitialLoad="true" />
				<hoverDecorator />			
				<columnSortDecorator />			
				<columnMenuDecorator />
				<columnResizingDecorator />			
				<rowLoadingDecorator imagePath="source/theme/packages/grid/decorator/images/loading-row.gif"/>
				<noDataFoundBubble headerText="Data unavailable at this time." bodyText="No pricing data configured" connectionLostHeaderText="Data unavailable at this time."
					connectionLostBodyText="Test pricing unavailable." />
			</decorators>
			<columnDefinitions>
				<column id="InstrumentDescription" cellRenderer="alert-text" fields="InstrumentDescription" displayName="Instrument" width="170" mandatory="true" primaryFieldType="text" />
				<column id="BestBid" cellRenderer="alert-text" fields="BestBid" displayName="BestBid" width="70" mandatory="true" primaryFieldType="text" />
				<column id="BestAsk" cellRenderer="alert-text" fields="BestAsk" displayName="BestAsk" width="70" mandatory="true" primaryFieldType="text" />
			</columnDefinitions>
			<gridRowModel>
                <rttpContainerGridDataProvider container="/COMMANDHTTPD/CONTAINER"/>
			</gridRowModel>
		</gridTemplate>
	</templates>
	<grids>
	</grids>
</gridDefinitions>

