<?xml version="1.0"?>
<?xml-stylesheet type="text/xsl" href="gridDefinitions.xslt"?>
<gridDefinitions xmlns="http://schema.caplin.com/CaplinTrader/gridDefinitions">
	<dataProviderMappings>
		<dataProviderMapping id="personalGridDataProvider" className="caplin.grid.PersonalGridDataProvider"/>
	</dataProviderMappings>

	<decoratorMappings>
		<decoratorMapping id="tradeListInjector" className="caplinx.tradelist.view.decorator.TradeListInjector"/>
		<decoratorMapping id="dropDecorator" className="caplin.grid.decorator.DropDecorator"/>
		<decoratorMapping id="removeRowDecorator" className="caplin.grid.decorator.RemoveRowDecorator"/>
		<decoratorMapping id="editableGridDecorator" className="caplinx.tradelist.view.decorator.EditableGridDecorator"/>
		<decoratorMapping id="conditionalInitialValueDecorator" className="caplinx.tradelist.view.decorator.ConditionalInitialValueDecorator"/>
		<decoratorMapping id="defaultValueDecorator" className="caplinx.tradelist.view.decorator.DefaultValueDecorator"/>
	</decoratorMappings>

	<templates>
		<gridTemplate id="immutableGrid">
		</gridTemplate>
	</templates>

	<grid id="TradeListGrid" displayName="@{griddefinitions.fi_tradelist}" baseTemplate="immutableGrid"
					displayedColumns="remove, description, cpn, mat, tradeAmount, askPrice">

		<decorators>
			<tradeListInjector subject="ui.tradelist.add"
				defaultHeaderText="@{griddefinitions.fi_tradelist}" defaultBodyText="@{griddefinitions.fi_tradelist_default_message}"
			    inProgressHeaderText="@{griddefinitions.fi_tradelist}" inProgressBodyText="@{griddefinitions.fi_tradelist_loading_message}"
				noRowsFoundHeaderText="@{griddefinitions.fi_tradelist}" noRowsFoundBodyText="@{griddefinitions.fi_tradelist_drag_message}"
				classname="noDataBubble" />
			<dropDecorator ddGroup="fiInstruments" showHeader="true"/>
			<removeRowDecorator/>
			<editableGridDecorator/>
			<!--
			<conditionalInitialValueDecorator column="tradeAmount" subscribeTo="BestAskSize|BestBidSize" whenColumnVisibile="askPrice|bidPrice" />
			-->
			<defaultValueDecorator column="tradeAmount" defaultValue="100000" />
		</decorators>

		<columnDefinitions>
			<column id="remove" cellRenderer="tradelist-remove-row-button" fields="X" displayName="" width="20" mandatory="true" fixed="true" resizable="false" sortable="false"/>
			<column id="description" fields="Description" displayName="@{griddefinitions.description}" width="110"/>
			<column id="cpn" fields="CpnRate" displayName="@{griddefinitions.coupon}" width="50"/>
			<column id="mat" fields="MaturityDate" cellRenderer="tradelist-settlement-date" displayName="@{griddefinitions.maturity_date}" width="80"/>
			<column id="tradeAmount" fields="Amount" displayName="@{griddefinitions.amount}" width="90" cellRenderer="amount-input" />
			<column id="askPrice" fields="AskPrice" displayName="@{griddefinitions.price}" width="70" cellRenderer="tradelist-price"/>
			<column id="bidPrice" fields="BidPrice" displayName="@{griddefinitions.price}" width="70" cellRenderer="tradelist-price"/>
		</columnDefinitions>
		<gridRowModel>
			 <personalGridDataProvider>
			 	<allowPrefix prefix="/FI/" />
				<rows limit="50" />
			 </personalGridDataProvider>
		</gridRowModel>
	</grid>
</gridDefinitions>