<?xml version="1.0" encoding="UTF-8"?>
<resources xmlns="http://schema.caplin.com/CaplinTrader/Resources">
	<requiredClasses>
		<!-- tiles -->
		<className>caplinx.trading.presentation.tile.FxTileViewHeader</className>
		<className>caplin.trading.presentation.tile.decorator.DropDecorator</className>

		<!-- renderers -->
		<className>caplin.control.basic.TextControl</className>
		<className>caplin.element.styler.ClassFlashStyler</className>
		<className>caplin.element.formatter.ThousandsFormatter</className>
		<className>caplinb.fxgrids.styler.PriceStyler</className>

		<className>caplinb.fxgrids.handler.TradeOnClickHandler</className>
		<className>caplin.control.complex.PipsControl</className>
		<className>caplinb.fxgrids.styler.PipsStyler</className>

		<className>caplin.element.formatter.DateFormatter</className>
		<className>caplin.element.formatter.NullValueFormatter</className>
		<className>caplinb.fxgrids.handler.RemoveGridRowOnClickHandler</className>
		<className>caplin.element.styler.RemoveButtonStyler</className>
		<className>caplin.element.styler.ClassStyler</className>
		<className>caplin.control.basic.ProgressGridCellControl</className>
		<className>caplin.element.styler.ProgressCellStyler</className>
		<className>caplin.control.basic.ImageTextControl</className>
		<className>caplin.element.styler.ButtonStyler</className>
		<className>caplin.element.styler.ClassStyler</className>
		<className>caplin.control.basic.ImageControl</className>
		<className>caplin.element.formatter.TimeFormatter</className>
		<className>caplin.control.basic.ExpandableGridRowControl</className>
		<className>caplinb.fxgrids.handler.ExpandableRowHandler</className>
		<className>caplinb.fxgrids.styler.ExpandableRowStyler</className>
		<className>caplinb.fxgrids.styler.FxBlotterExpandableRowStyler</className>
		<className>caplin.element.formatter.ThousandsFormatter</className>

		<className>caplin.grid.decorator.LoadingDataDecorator</className>
		<className>caplin.grid.decorator.HoverDecorator</className>
		<className>caplin.grid.decorator.ScrollTipDecorator</className>
		<className>caplin.grid.decorator.SelectionDecorator</className>
		<className>caplin.grid.decorator.NoDataFoundBubbleMessageDecorator</className>
		<className>caplin.grid.decorator.ColumnMenuDecorator</className>
		<className>caplin.grid.decorator.ColumnReorderingDecorator</className>
		<className>caplin.grid.decorator.ColumnResizingDecorator</className>
		<className>caplin.grid.decorator.RowLoadingDecorator</className>
		<className>caplin.grid.decorator.ColumnSortDecorator</className>
		<className>caplin.grid.decorator.DragDecorator</className>

	</requiredClasses>
</resources>

