<?xml version="1.0" encoding="UTF-8"?>
<currencies xmlns="http://schema.caplin.com/CaplinTrader/currencyDefinitions" fxSelectorRepaint="false">
	<currency code="AED" issuer="@{currency.aed.issuer}" name="@{currency.aed.name}" disallowedTerms="" />
	<currency code="AFN" issuer="@{currency.afn.issuer}" name="@{currency.afn.name}" disallowedTerms="" />
	<currency code="ALL" issuer="@{currency.all.issuer}" name="@{currency.all.name}" disallowedTerms="" />
	<currency code="AMD" issuer="@{currency.amd.issuer}" name="@{currency.amd.name}" disallowedTerms="" />
	<currency code="ANG" issuer="@{currency.ang.issuer}" name="@{currency.ang.name}" disallowedTerms="" />
	<currency code="AOA" issuer="@{currency.aoa.issuer}" name="@{currency.aoa.name}" disallowedTerms="" />
	<currency code="ARS" issuer="@{currency.ars.issuer}" name="@{currency.ars.name}" disallowedTerms="" />
	<currency code="AUD" issuer="@{currency.aud.issuer}" name="@{currency.aud.name}" disallowedTerms="" />
	<currency code="AWG" issuer="@{currency.awg.issuer}" name="@{currency.awg.name}" disallowedTerms="" />
	<currency code="AZM" issuer="@{currency.azm.issuer}" name="@{currency.azm.name}" disallowedTerms="" />
	<currency code="AZN" issuer="@{currency.azn.issuer}" name="@{currency.azn.name}" disallowedTerms="" />
	<currency code="BAM" issuer="@{currency.bam.issuer}" name="@{currency.bam.name}" disallowedTerms="" />
	<currency code="BBD" issuer="@{currency.bbd.issuer}" name="@{currency.bbd.name}" disallowedTerms="" />
	<currency code="BDT" issuer="@{currency.bdt.issuer}" name="@{currency.bdt.name}" disallowedTerms="" />
	<currency code="BGN" issuer="@{currency.bgn.issuer}" name="@{currency.bgn.name}" disallowedTerms="" />
	<currency code="BHD" issuer="@{currency.bhd.issuer}" name="@{currency.bhd.name}" disallowedTerms="" />
	<currency code="BIF" issuer="@{currency.bif.issuer}" name="@{currency.bif.name}" disallowedTerms="" />
	<currency code="BMD" issuer="@{currency.bmd.issuer}" name="@{currency.bmd.name}" disallowedTerms="" />
	<currency code="BND" issuer="@{currency.bnd.issuer}" name="@{currency.bnd.name}" disallowedTerms="" />
	<currency code="BOB" issuer="@{currency.bob.issuer}" name="@{currency.bob.name}" disallowedTerms="" />
	<currency code="BRL" issuer="@{currency.brl.issuer}" name="@{currency.brl.name}" disallowedTerms="" />
	<currency code="BSD" issuer="@{currency.bsd.issuer}" name="@{currency.bsd.name}" disallowedTerms="" />
	<currency code="BTN" issuer="@{currency.btn.issuer}" name="@{currency.btn.name}" disallowedTerms="" />
	<currency code="BWP" issuer="@{currency.bwp.issuer}" name="@{currency.bwp.name}" disallowedTerms="" />
	<currency code="BYR" issuer="@{currency.byr.issuer}" name="@{currency.byr.name}" disallowedTerms="" />
	<currency code="BZD" issuer="@{currency.bzd.issuer}" name="@{currency.bzd.name}" disallowedTerms="" />
	<currency code="CAD" issuer="@{currency.cad.issuer}" name="@{currency.cad.name}" disallowedTerms="" />
	<currency code="CDF" issuer="@{currency.cdf.issuer}" name="@{currency.cdf.name}" disallowedTerms="" />
	<currency code="CHF" issuer="@{currency.chf.issuer}" name="@{currency.chf.name}" disallowedTerms="" />
	<currency code="CLP" issuer="@{currency.clp.issuer}" name="@{currency.clp.name}" disallowedTerms="" />
	<currency code="CNY" issuer="@{currency.cny.issuer}" name="@{currency.cny.name}" disallowedTerms="" />
	<currency code="COP" issuer="@{currency.cop.issuer}" name="@{currency.cop.name}" disallowedTerms="" />
	<currency code="CRC" issuer="@{currency.crc.issuer}" name="@{currency.crc.name}" disallowedTerms="" />
	<currency code="CSD" issuer="@{currency.csd.issuer}" name="@{currency.csd.name}" disallowedTerms="" />
	<currency code="CUP" issuer="@{currency.cup.issuer}" name="@{currency.cup.name}" disallowedTerms="" />
	<currency code="CVE" issuer="@{currency.cve.issuer}" name="@{currency.cve.name}" disallowedTerms="" />
	<currency code="CYP" issuer="@{currency.cyp.issuer}" name="@{currency.cyp.name}" disallowedTerms="" />
	<currency code="CZK" issuer="@{currency.czk.issuer}" name="@{currency.czk.name}" disallowedTerms="" />
	<currency code="DJF" issuer="@{currency.djf.issuer}" name="@{currency.djf.name}" disallowedTerms="" />
	<currency code="DKK" issuer="@{currency.dkk.issuer}" name="@{currency.dkk.name}" disallowedTerms="" />
	<currency code="DOP" issuer="@{currency.dop.issuer}" name="@{currency.dop.name}" disallowedTerms="" />
	<currency code="DZD" issuer="@{currency.dzd.issuer}" name="@{currency.dzd.name}" disallowedTerms="" />
	<currency code="EEK" issuer="@{currency.eek.issuer}" name="@{currency.eek.name}" disallowedTerms="" />
	<currency code="EGP" issuer="@{currency.egp.issuer}" name="@{currency.egp.name}" disallowedTerms="" />
	<currency code="ERN" issuer="@{currency.ern.issuer}" name="@{currency.ern.name}" disallowedTerms="" />
	<currency code="ETB" issuer="@{currency.etb.issuer}" name="@{currency.etb.name}" disallowedTerms="" />
	<currency code="EUR" issuer="@{currency.eur.issuer}" name="@{currency.eur.name}" disallowedTerms="" />
	<currency code="FJD" issuer="@{currency.fjd.issuer}" name="@{currency.fjd.name}" disallowedTerms="" />
	<currency code="FKP" issuer="@{currency.fkp.issuer}" name="@{currency.fkp.name}" disallowedTerms="" />
	<currency code="GBP" issuer="@{currency.gbp.issuer}" name="@{currency.gbp.name}" disallowedTerms="" />
	<currency code="GEL" issuer="@{currency.gel.issuer}" name="@{currency.gel.name}" disallowedTerms="" />
	<currency code="GGP" issuer="@{currency.ggp.issuer}" name="@{currency.ggp.name}" disallowedTerms="" />
	<currency code="GHC" issuer="@{currency.ghc.issuer}" name="@{currency.ghc.name}" disallowedTerms="" />
	<currency code="GIP" issuer="@{currency.gip.issuer}" name="@{currency.gip.name}" disallowedTerms="" />
	<currency code="GMD" issuer="@{currency.gmd.issuer}" name="@{currency.gmd.name}" disallowedTerms="" />
	<currency code="GNF" issuer="@{currency.gnf.issuer}" name="@{currency.gnf.name}" disallowedTerms="" />
	<currency code="GTQ" issuer="@{currency.gtq.issuer}" name="@{currency.gtq.name}" disallowedTerms="" />
	<currency code="GYD" issuer="@{currency.gyd.issuer}" name="@{currency.gyd.name}" disallowedTerms="" />
	<currency code="HKD" issuer="@{currency.hkd.issuer}" name="@{currency.hkd.name}" disallowedTerms="" />
	<currency code="HNL" issuer="@{currency.hnl.issuer}" name="@{currency.hnl.name}" disallowedTerms="" />
	<currency code="HRK" issuer="@{currency.hrk.issuer}" name="@{currency.hrk.name}" disallowedTerms="" />
	<currency code="HTG" issuer="@{currency.htg.issuer}" name="@{currency.htg.name}" disallowedTerms="" />
	<currency code="HUF" issuer="@{currency.huf.issuer}" name="@{currency.huf.name}" disallowedTerms="" />
	<currency code="IDR" issuer="@{currency.idr.issuer}" name="@{currency.idr.name}" disallowedTerms="" />
	<currency code="ILS" issuer="@{currency.ils.issuer}" name="@{currency.ils.name}" disallowedTerms="" />
	<currency code="IMP" issuer="@{currency.imp.issuer}" name="@{currency.imp.name}" disallowedTerms="" />
	<currency code="INR" issuer="@{currency.inr.issuer}" name="@{currency.inr.name}" disallowedTerms="" />
	<currency code="IQD" issuer="@{currency.iqd.issuer}" name="@{currency.iqd.name}" disallowedTerms="" />
	<currency code="IRR" issuer="@{currency.irr.issuer}" name="@{currency.irr.name}" disallowedTerms="" />
	<currency code="ISK" issuer="@{currency.isk.issuer}" name="@{currency.isk.name}" disallowedTerms="" />
	<currency code="JEP" issuer="@{currency.jep.issuer}" name="@{currency.jep.name}" disallowedTerms="" />
	<currency code="JMD" issuer="@{currency.jmd.issuer}" name="@{currency.jmd.name}" disallowedTerms="" />
	<currency code="JOD" issuer="@{currency.jod.issuer}" name="@{currency.jod.name}" disallowedTerms="" />
	<currency code="JPY" issuer="@{currency.jpy.issuer}" name="@{currency.jpy.name}" disallowedTerms="" />
	<currency code="KES" issuer="@{currency.kes.issuer}" name="@{currency.kes.name}" disallowedTerms="" />
	<currency code="KGS" issuer="@{currency.kgs.issuer}" name="@{currency.kgs.name}" disallowedTerms="" />
	<currency code="KHR" issuer="@{currency.khr.issuer}" name="@{currency.khr.name}" disallowedTerms="" />
	<currency code="KMF" issuer="@{currency.kms.issuer}" name="@{currency.kms.name}" disallowedTerms="" />
	<currency code="KPW" issuer="@{currency.kpw.issuer}" name="@{currency.kpw.name}" disallowedTerms="" />
	<currency code="KRW" issuer="@{currency.krw.issuer}" name="@{currency.krw.name}" disallowedTerms="" />
	<currency code="KWD" issuer="@{currency.kwd.issuer}" name="@{currency.kwd.name}" disallowedTerms="" />
	<currency code="KYD" issuer="@{currency.kyd.issuer}" name="@{currency.kyd.name}" disallowedTerms="" />
	<currency code="KZT" issuer="@{currency.kzt.issuer}" name="@{currency.kzt.name}" disallowedTerms="" />
	<currency code="LAK" issuer="@{currency.lak.issuer}" name="@{currency.lak.name}" disallowedTerms="" />
	<currency code="LBP" issuer="@{currency.lbp.issuer}" name="@{currency.lbp.name}" disallowedTerms="" />
	<currency code="LKR" issuer="@{currency.lkr.issuer}" name="@{currency.lkr.name}" disallowedTerms="" />
	<currency code="LRD" issuer="@{currency.lrd.issuer}" name="@{currency.lrd.name}" disallowedTerms="" />
	<currency code="LSL" issuer="@{currency.lsl.issuer}" name="@{currency.lsl.name}" disallowedTerms="" />
	<currency code="LTL" issuer="@{currency.ltl.issuer}" name="@{currency.ltl.name}" disallowedTerms="" />
	<currency code="LVL" issuer="@{currency.lvl.issuer}" name="@{currency.lvl.name}" disallowedTerms="" />
	<currency code="LYD" issuer="@{currency.lyd.issuer}" name="@{currency.lyd.name}" disallowedTerms="" />
	<currency code="MAD" issuer="@{currency.mad.issuer}" name="@{currency.mad.name}" disallowedTerms="" />
	<currency code="MDL" issuer="@{currency.mdl.issuer}" name="@{currency.mdl.name}" disallowedTerms="" />
	<currency code="MGA" issuer="@{currency.mga.issuer}" name="@{currency.mga.name}" disallowedTerms="" />
	<currency code="MKD" issuer="@{currency.mkd.issuer}" name="@{currency.mkd.name}" disallowedTerms="" />
	<currency code="MMK" issuer="@{currency.mmk.issuer}" name="@{currency.mmk.name}" disallowedTerms="" />
	<currency code="MNT" issuer="@{currency.mnt.issuer}" name="@{currency.mnt.name}" disallowedTerms="" />
	<currency code="MOP" issuer="@{currency.mop.issuer}" name="@{currency.mop.name}" disallowedTerms="" />
	<currency code="MRO" issuer="@{currency.mro.issuer}" name="@{currency.mro.name}" disallowedTerms="" />
	<currency code="MTL" issuer="@{currency.mtl.issuer}" name="@{currency.mtl.name}" disallowedTerms="" />
	<currency code="MUR" issuer="@{currency.mur.issuer}" name="@{currency.mur.name}" disallowedTerms="" />
	<currency code="MVR" issuer="@{currency.mvr.issuer}" name="@{currency.mvr.name}" disallowedTerms="" />
	<currency code="MWK" issuer="@{currency.mwk.issuer}" name="@{currency.mwk.name}" disallowedTerms="" />
	<currency code="MXN" issuer="@{currency.mxn.issuer}" name="@{currency.mxn.name}" disallowedTerms="" />
	<currency code="MYR" issuer="@{currency.myr.issuer}" name="@{currency.mry.name}" disallowedTerms="" />
	<currency code="MZM" issuer="@{currency.mzm.issuer}" name="@{currency.mzm.name}" disallowedTerms="" />
	<currency code="NAD" issuer="@{currency.nad.issuer}" name="@{currency.nad.name}" disallowedTerms="" />
	<currency code="NGN" issuer="@{currency.ngn.issuer}" name="@{currency.ngn.name}" disallowedTerms="" />
	<currency code="NIO" issuer="@{currency.nio.issuer}" name="@{currency.nio.name}" disallowedTerms="" />
	<currency code="NOK" issuer="@{currency.nok.issuer}" name="@{currency.nok.name}" disallowedTerms="" />
	<currency code="NPR" issuer="@{currency.npr.issuer}" name="@{currency.npr.name}" disallowedTerms="" />
	<currency code="NZD" issuer="@{currency.nzd.issuer}" name="@{currency.nzd.name}" disallowedTerms="" />
	<currency code="OMR" issuer="@{currency.omr.issuer}" name="@{currency.omr.name}" disallowedTerms="" />
	<currency code="PAB" issuer="@{currency.pab.issuer}" name="@{currency.pab.name}" disallowedTerms="" />
	<currency code="PEN" issuer="@{currency.pen.issuer}" name="@{currency.pen.name}" disallowedTerms="" />
	<currency code="PGK" issuer="@{currency.pgk.issuer}" name="@{currency.pgk.name}" disallowedTerms="" />
	<currency code="PHP" issuer="@{currency.php.issuer}" name="@{currency.php.name}" disallowedTerms="" />
	<currency code="PKR" issuer="@{currency.pkr.issuer}" name="@{currency.pkr.name}" disallowedTerms="" />
	<currency code="PLN" issuer="@{currency.pln.issuer}" name="@{currency.pln.name}" disallowedTerms="" />
	<currency code="PYG" issuer="@{currency.pyg.issuer}" name="@{currency.pyg.name}" disallowedTerms="" />
	<currency code="QAR" issuer="@{currency.qar.issuer}" name="@{currency.qar.name}" disallowedTerms="" />
	<currency code="ROL" issuer="@{currency.rol.issuer}" name="@{currency.rol.name}" disallowedTerms="" />
	<currency code="RON" issuer="@{currency.ron.issuer}" name="@{currency.ron.name}" disallowedTerms="" />
	<currency code="RUB" issuer="@{currency.rub.issuer}" name="@{currency.rub.name}" disallowedTerms="" />
	<currency code="RWF" issuer="@{currency.rwf.issuer}" name="@{currency.rwf.name}" disallowedTerms="" />
	<currency code="SAR" issuer="@{currency.sar.issuer}" name="@{currency.sar.name}" disallowedTerms="" />
	<currency code="SBD" issuer="@{currency.sbd.issuer}" name="@{currency.sbd.name}" disallowedTerms="" />
	<currency code="SCR" issuer="@{currency.scr.issuer}" name="@{currency.scr.name}" disallowedTerms="" />
	<currency code="SDD" issuer="@{currency.sdd.issuer}" name="@{currency.sdd.name}" disallowedTerms="" />
	<currency code="SEK" issuer="@{currency.sek.issuer}" name="@{currency.sek.name}" disallowedTerms="" />
	<currency code="SGD" issuer="@{currency.sgd.issuer}" name="@{currency.sgd.name}" disallowedTerms="" />
	<currency code="SHP" issuer="@{currency.shp.issuer}" name="@{currency.shp.name}" disallowedTerms="" />
	<currency code="SIT" issuer="@{currency.sit.issuer}" name="@{currency.sit.name}" disallowedTerms="" />
	<currency code="SKK" issuer="@{currency.skk.issuer}" name="@{currency.skk.name}" disallowedTerms="" />
	<currency code="SLL" issuer="@{currency.sll.issuer}" name="@{currency.sll.name}" disallowedTerms="" />
	<currency code="SOS" issuer="@{currency.sos.issuer}" name="@{currency.sos.name}" disallowedTerms="" />
	<currency code="SPL" issuer="@{currency.spl.issuer}" name="@{currency.spl.name}" disallowedTerms="" />
	<currency code="SRD" issuer="@{currency.srd.issuer}" name="@{currency.srd.name}" disallowedTerms="" />
	<currency code="STD" issuer="@{currency.std.issuer}" name="@{currency.std.name}" disallowedTerms="" />
	<currency code="SVC" issuer="@{currency.svc.issuer}" name="@{currency.svc.name}" disallowedTerms="" />
	<currency code="SYP" issuer="@{currency.syp.issuer}" name="@{currency.syp.name}" disallowedTerms="" />
	<currency code="SZL" issuer="@{currency.szl.issuer}" name="@{currency.szl.name}" disallowedTerms="" />
	<currency code="THB" issuer="@{currency.thb.issuer}" name="@{currency.thb.name}" disallowedTerms="" />
	<currency code="TJS" issuer="@{currency.tjs.issuer}" name="@{currency.tjs.name}" disallowedTerms="" />
	<currency code="TMM" issuer="@{currency.tmm.issuer}" name="@{currency.tmm.name}" disallowedTerms="" />
	<currency code="TND" issuer="@{currency.tnd.issuer}" name="@{currency.tnd.name}" disallowedTerms="" />
	<currency code="TOP" issuer="@{currency.top.issuer}" name="@{currency.top.name}" disallowedTerms="" />
	<currency code="TRY" issuer="@{currency.try.issuer}" name="@{currency.try.name}" disallowedTerms="" />
	<currency code="TST" issuer="@{currency.tst.issuer}" name="@{currency.tst.name}" disallowedTerms="" />
	<currency code="TTD" issuer="@{currency.ttd.issuer}" name="@{currency.ttd.name}" disallowedTerms="" />
	<currency code="TVD" issuer="@{currency.tvd.issuer}" name="@{currency.tvd.name}" disallowedTerms="" />
	<currency code="TWD" issuer="@{currency.twd.issuer}" name="@{currency.twd.name}" disallowedTerms="" />
	<currency code="TZS" issuer="@{currency.tzs.issuer}" name="@{currency.tzs.name}" disallowedTerms="" />
	<currency code="UAH" issuer="@{currency.uah.issuer}" name="@{currency.uah.name}" disallowedTerms="" />
	<currency code="UGX" issuer="@{currency.ugx.issuer}" name="@{currency.ugx.name}" disallowedTerms="" />
	<currency code="USD" issuer="@{currency.usd.issuer}" name="@{currency.usd.name}" disallowedTerms="" />
	<currency code="UYU" issuer="@{currency.uyu.issuer}" name="@{currency.uyu.name}" disallowedTerms="" />
	<currency code="UZS" issuer="@{currency.uzs.issuer}" name="@{currency.uzs.name}" disallowedTerms="" />
	<currency code="VEB" issuer="@{currency.veb.issuer}" name="@{currency.veb.name}" disallowedTerms="" />
	<currency code="VND" issuer="@{currency.vnd.issuer}" name="@{currency.vnd.name}" disallowedTerms="" />
	<currency code="VUV" issuer="@{currency.vuv.issuer}" name="@{currency.vuv.name}" disallowedTerms="" />
	<currency code="WST" issuer="@{currency.wst.issuer}" name="@{currency.wst.name}" disallowedTerms="" />
	<currency code="XAF" issuer="@{currency.xaf.issuer}" name="@{currency.xaf.name}" disallowedTerms="" />
	<currency code="XAG" issuer="" name="@{currency.xag.name}" disallowedTerms="" />
	<currency code="XAU" issuer="" name="@{currency.xau.name}" disallowedTerms="" />
	<currency code="XCD" issuer="@{currency.xcd.issuer}" name="@{currency.xcd.name}" disallowedTerms="" />
	<currency code="XOF" issuer="@{currency.xof.issuer}" name="@{currency.xof.name}" disallowedTerms="" />
	<currency code="XPD" issuer="" name="@{currency.xpd.name}" disallowedTerms="" />
	<currency code="XPF" issuer="@{currency.xpf.issuer}" name="@{currency.xpf.name}" disallowedTerms="" />
	<currency code="XPT" issuer="" name="@{currency.xpt.name}" disallowedTerms="" />
	<currency code="YER" issuer="@{currency.x.issuer}" name="@{currency.x.name}" disallowedTerms="" />
	<currency code="ZAR" issuer="@{currency.zar.issuer}" name="@{currency.zar.name}" disallowedTerms="" />
	<currency code="ZMK" issuer="@{currency.zmk.issuer}" name="@{currency.zmk.name}" disallowedTerms="" />
	<currency code="ZWD" issuer="@{currency.zwd.issuer}" name="@{currency.zwd.name}" disallowedTerms="" />
	<currency code="XXX" issuer="@{currency.xxx.issuer}" name="@{currency.xxx.name}" allowedTerms="YYY" />
	<currency code="YYY" issuer="@{currency.yyy.issuer}" name="@{currency.yyy.name}" allowedTerms="" />
</currencies>
