<caplin:FXTicket xmlns:caplin="http://schema.caplin.com/CaplinTrader/webcentric" 
	recycle="true" dialog="true" top="160" left="400" width="337" 
	height="480" caption="@{theme.fx.ticket.title}" src="blades/FxGrids/src/dialog_fxticket.html" 
	type="caplinx.trading.presentation.FxTradeTicket" decorators="dialogDecorator">
	<property setter="setProtocol"/>
	<property setter="setObjectName"/>
	<property setter="setBuySell" value="BUY"/>
	<property setter="setAmount"/>
	<property setter="setInitialDealtCurrency"/>
	<property setter="setAccount"/>
	<property setter="setFwdSizeIncrease" value="41"/>
	<property setter="setSwapSizeIncrease" value="181"/>
</caplin:FXTicket>