<project name="Blades-common">
	<macrodef name="selenium">
		<attribute name="test" default=""/>
		<attribute name="testSuite" default=""/>
		<attribute name="mode"/>
		<attribute name="browser"/>
		<attribute name="protocol" default="http" />
		<attribute name="retry" default="0" />
		<attribute name="testFolder"/>
		<sequential>
			<selenium-setup/>
			<trycatch reference="error">
				<try>
					
					<var name="SELENIUM.RESULT.CODE" unset="true"/>
					<echo message="Invoking Selenium Runner..." />

					<echo message="command being run:"/>
					<echo message="set PYTHONPATH=.${path.separator}${CAPLIN.SDK.HOME}/selenium/build/py${path.separator}${PYTHON.PIL.PATH}${path.separator}${env.PYTHONPATH}${path.separator}${CAPLIN.SDK.HOME}/fileSet/toolbox/fileSet" />
					<echo message="set CAPLIN_BRANCH_DIR=${CAPLIN.BRANCH.DIR}"/>
					<echo message="python ${CAPLIN.SDK.HOME}/selenium/build/py/seleniumr.py"/>
					<echo message="--saveResultsToRemoteDB"/>
					<echo message="--testTimeout 1200"/>
					<echo message="--caplinDir ${CAPLIN.BRANCH.DIR}/${TRADER.NAME}"/>
					<echo message="--inputPath ${CAPLIN.BRANCH.DIR}/blades/${BLADE.FOLDER.NAME}/@{testFolder}"/>
					<echo message="-p @{protocol}"/>
					<echo message="--reRun @{retry}"/>
					<echo message="--deploymentMode @{mode}"/>
					<echo message="--browser @{browser}"/>
					<echo message="--testName @{test}"/>
					<echo message="--testSuite @{testSuite}"/>
					<echo message="--testSuiteFile ${TEST.SUITE.FILE}"/>
					
					<exec executable="${PYTHON.EXE}" error="${BUILD.LOGS.DIR}/seleniumr.log" resultproperty="SELENIUM.RESULT.CODE" failonerror="false">
						<env key="PYTHONPATH" value=".${path.separator}${CAPLIN.SDK.HOME}/selenium/build/py${path.separator}${PYTHON.PIL.PATH}${path.separator}${env.PYTHONPATH}${path.separator}${CAPLIN.SDK.HOME}/fileSet/toolbox/fileSet"/>
						
						<env key="CAPLIN_BRANCH_DIR" value="${CAPLIN.BRANCH.DIR}"/>
						
						<arg value="${CAPLIN.SDK.HOME}/selenium/build/py/seleniumr.py"/>

						<arg value="--saveResultsToRemoteDB"/>
						
						<arg value="--testTimeout"/>
						<arg value="1200"/>

						<arg value="--caplinDir"/>
						<arg value="${CAPLIN.BRANCH.DIR}/${TRADER.NAME}"/>
						
						<arg value="--inputPath"/>
						<arg value="${CAPLIN.BRANCH.DIR}/blades/${BLADE.FOLDER.NAME}/@{testFolder}"/>
						
						<arg value="-p"/>
						<arg value="@{protocol}"/>
						
						<arg value="--reRun"/>
						<arg value="@{retry}"/>
						
						<arg value="--deploymentMode"/>
						<arg value="@{mode}"/>

						<arg value="--browser"/>
						<arg value="@{browser}"/>
						
						<arg value="--testName"/>
						<arg value="@{test}"/>
						
						<arg value="--testSuite"/>
						<arg value="@{testSuite}"/>

						<arg value="--testSuiteFile"/>
						<arg value="${TEST.SUITE.FILE}"/>
					</exec>
				</try>
				<catch>
					<throw refid="error"/>
				</catch>
				<finally>
					<selenium-teardown/>
				</finally>
			</trycatch>
		</sequential>
	</macrodef>
	
	<macrodef name="selenium-setup">
		<sequential>
			<antcall target="tomcat-restart-if-down"/>
			<antcall target="selenium-check-server"/>
			<delete dir="${BUILD.RESULTS.SELENIUM.DIR}" failonerror="false"/>
			<mkdir dir="${BUILD.RESULTS.SELENIUM.DIR}"/>
		</sequential>
	</macrodef>
	
	<macrodef name="selenium-teardown">
		<sequential>
			<antcall target="-tomcat-stop-unless-keep-alive"/>
			<antcall target="-selenium-check-all-tests-passed"/>
		</sequential>
	</macrodef>
	
	<target name="-selenium-check-all-tests-passed" >
		<fail message="SELENIUM TESTS FAILED">
			<condition>
				<not><equals arg1="${SELENIUM.RESULT.CODE}" arg2="0"/></not>
			</condition>	
		</fail>
	</target>
	
	<target name="selenium-check-server">
		<echo message="${SELENIUM.FRAMEWORK.URL}/src/js/application.js" />
		
		<var name="TOMCAT.TIMEOUT" unset="true"/>
			<waitfor maxwait="20" maxwaitunit="second" checkevery="1" checkeveryunit="second" timeoutproperty="TOMCAT.TIMEOUT">
				<http url="${SELENIUM.FRAMEWORK.URL}/src/js/application.js"/>
			</waitfor>
			<fail if="TOMCAT.TIMEOUT" message="Selenium context in tomcat is not running"/>
	</target>
</project>