<PageManagementDialog 	identifier="dialog-open-component" 	position="CENTER"	width="350" 	height="345" 	background="#526188"	caption="@{layout.fx.panel.caption.insert.product.grid}" 	singleton="true"	modal="true">	<template>		<![CDATA[			<div id="dialog_open_component" class="wc_dialog">				<div class="list_container">					<dl class="webcentric Tree">					  <dt>identifier</dt><dd>open_component_tree</dd>					  	  <dt>scale</dt><dd>100%</dd>				  	  <dt>ref</dt><dd>/Application/DataModels/instance[@id='fx-product-grid']/components</dd>					  <dl class="Settings">					  	<dt>show_root_node</dt><dd>false</dd>					  	<dt>stateful</dt><dd>false</dd> 					  	<dt>hilite</dt><dd>false</dd>					  	<dt>img_width</dt><dd>39</dd>					  	<dt>img_height</dt><dd>21</dd>					  	<dt>initial_expanded</dt><dd>0</dd>						<dl class="Mapping">							<dt>ref</dt><dd>group</dd>							<dt>caption</dt><dd>group_name</dd>							<dt>img</dt><dd>%theme%/packages/Ext/images/noir/tree/folder_blue.gif</dd>						</dl>						<dl class="Mapping">							<dt>ref</dt><dd>watch_list</dd>							<dt>caption</dt><dd>name</dd>							<dt>img</dt><dd>%theme%/packages/Ext/images/noir/tree/page.gif</dd>						</dl>					  </dl>				</div>				<div class="buttons">					<dl class="webcentric Button">						<dt>identifier</dt><dd>cancel</dd>						<dt>parentTree</dt><dd>open_component_tree</dd>						<dt>caption</dt><dd>@{layout.fx.panel.caption.insert.product.grid.cancel_button}</dd>						<dt>auto_size</dt><dd>true</dd>						<dt>height</dt><dd>20</dd>						<dt>tooltip</dt><dd>@{layout.fx.panel.caption.insert.product.grid.close_dialog}</dd>						<dt>align</dt><dd>right</dd>						<dl class="methodCall">							<dt>method_name</dt><dd>close</dd>							<dt>target</dt><dd>%component%</dd>						</dl>					</dl>					<dl class="webcentric Button">						<dt>identifier</dt><dd>add</dd>						<dt>parentTree</dt><dd>open_component_tree</dd>						<dt>caption</dt><dd>@{layout.fx.panel.caption.insert.product.grid.add_button}</dd>						<dt>auto_size</dt><dd>true</dd>						<dt>height</dt><dd>20</dd>						<dt>tooltip</dt><dd>@{layout.fx.panel.caption.insert.product.grid.add_component}</dd>						<dt>align</dt><dd>right</dd>												<dt>disabled</dt><dd>true</dd>						<dl class="methodCall">							<dt>method_name</dt><dd>addComponent</dd>							<dt>target</dt><dd>%component%</dd>						</dl>					</dl>				</div>			</div>		]]>	</template></PageManagementDialog> 