<?xml version="1.0" encoding="UTF-8"?>
<?xml-stylesheet type="text/xsl" href="gridDefinitions.xslt"?>
<gridDefinitions xmlns="http://schema.caplin.com/CaplinTrader/gridDefinitions">
	<dataProviderMappings>
		<dataProviderMapping id="rttpContainerGridDataProvider" className="caplin.grid.RttpContainerGridDataProvider"/>
		<dataProviderMapping id="personalGridDataProvider" className="caplin.grid.PersonalGridDataProvider"/>
		<dataProviderMapping id="webServiceGridDataProvider" className="caplin.grid.WebServiceGridDataProvider"/>
		<dataProviderMapping id="expandableRowGridDataProvider" className="caplin.grid.dataprovider.expandable.ExpandableRowGridDataProvider"/>
		<dataProviderMapping id="chainedGridDataProvider" className="caplin.grid.dataprovider.ChainedGridDataProvider"/>
	</dataProviderMappings>
	
	<decoratorMappings>
		<decoratorMapping id="columnMenuDecorator" className="caplin.grid.decorator.ColumnMenuDecorator"/>
		<decoratorMapping id="columnSortDecorator" className="caplin.grid.decorator.ColumnSortDecorator"/>
		<decoratorMapping id="columnReorderingDecorator" className="caplin.grid.decorator.ColumnReorderingDecorator"/>
		<decoratorMapping id="resetColumnsDecorator" className="caplin.grid.decorator.ResetColumnsDecorator"/>
		<decoratorMapping id="loadingDataDecorator" className="caplin.grid.decorator.LoadingDataDecorator"/>
		<decoratorMapping id="dragDecorator" className="caplin.grid.decorator.DragDecorator"/>
		<decoratorMapping id="dropDecorator" className="caplin.grid.decorator.DropDecorator"/>
		<decoratorMapping id="hoverDecorator" className="caplin.grid.decorator.HoverDecorator"/>
		<decoratorMapping id="selectionDecorator" className="caplin.grid.decorator.SelectionDecorator"/>
		<decoratorMapping id="groupHeaderDecorator" className="caplin.grid.decorator.GroupHeaderDecorator"/>
		<decoratorMapping id="scrollTipDecorator" className="caplin.grid.decorator.ScrollTipDecorator"/>
		<decoratorMapping id="removeRowDecorator" className="caplin.grid.decorator.RemoveRowDecorator"/>
		<decoratorMapping id="openAjaxFiltersDecorator" className="caplin.grid.decorator.OpenAjaxFiltersDecorator"/>
		<decoratorMapping id="requestDataOnCurrencyChangeDecorator" className="caplin.grid.decorator.RequestDataOnCurrencyChangeDecorator"/>
		<decoratorMapping id="columnResizingDecorator" className="caplin.grid.decorator.ColumnResizingDecorator"/>
		<decoratorMapping id="rowLoadingDecorator" className="caplin.grid.decorator.RowLoadingDecorator"/>
		<decoratorMapping id="exportGridDataToExcelDecorator" className="caplin.grid.decorator.ExportGridDataToExcelDecorator"/>
		<decoratorMapping id="noDataFoundBubble" className="caplin.grid.decorator.NoDataFoundBubbleMessageDecorator"/>
		<decoratorMapping id="blotterExportDecorator" className="caplin.grid.decorator.RttpContainerExportDecorator"/>
		<decoratorMapping id="rowActionDecorator" className="caplin.grid.decorator.RowActionDecorator"/>
		<decoratorMapping id="rowCountdownDecorator" className="caplin.grid.decorator.RowCountdownDecorator"/>
		
	</decoratorMappings>
	<templates>
		<gridTemplate id="immutableGrid">
			<decorators>
				<loadingDataDecorator showInitialLoad="true"/>
				<hoverDecorator/>
				<scrollTipDecorator/>
				<selectionDecorator/>
				<noDataFoundBubble headerText="@{griddefinitions.data_unavailable}" bodyText="@{griddefinitions.no_data_received}" 
					connectionLostHeaderText="@{griddefinitions.data_unavailable}" connectionLostBodyText="@{griddefinitions.no_data_received}"/>
			</decorators>
		</gridTemplate>
		
		<gridTemplate id="mutableGrid" baseTemplate="immutableGrid">
			<decorators>
				<columnMenuDecorator/>
				<columnReorderingDecorator/>
				<columnResizingDecorator/>
				<rowLoadingDecorator imagePath="source/theme/packages/grid/decorator/images/loading-row.gif"/>
			</decorators>
		</gridTemplate>
		
		<gridTemplate id="sortableGrid" baseTemplate="mutableGrid">
			<decorators>
				<columnSortDecorator/>
			</decorators>
		</gridTemplate>
		
		<gridTemplate id="filterableGrid" baseTemplate="sortableGrid">
			<decorators>
				<noDataFoundBubble headerText="@{griddefinitions.no_products_found}" bodyText="@{griddefinitions.adjust_search_criteria}" 
					connectionLostHeaderText="@{griddefinitions.data_unavailable}" connectionLostBodyText="@{griddefinitions.no_data_received}"/>
				<resetColumnsDecorator/>
			</decorators>
		</gridTemplate>
		
		<gridTemplate id="fxPersonalGrid" baseTemplate="sortableGrid">
			<decorators>
				<removeRowDecorator/>
			</decorators>
			<columnDefinitions>
				<column id="remove" cellRenderer="fx-personal-grid-remove-row-button" fields="X" displayName="" width="20" mandatory="true" fixed="true" resizable="false" sortable="false"/>
			</columnDefinitions>
			<gridRowModel transformMode="live">
				<personalGridDataProvider/>
			</gridRowModel>
		</gridTemplate>
		
		<gridTemplate id="nonDraggableFxGrid" baseTemplate="mutableGrid" displayedColumns="description, bestbid, bestask">
			<columnDefinitions>
				<column id="description" fields="InstrumentDescription" displayName="@{griddefinitions.currency}" width="80" mandatory="true" primaryFieldType="text"/>
				<column id="rate" cellRenderer="fx-spread" fields="BestBid,BestAsk" displayName="@{griddefinitions.rate}" width="115" cssClass="flashing-spread"/>
				<column id="bestbid" cellRenderer="fx-price" fields="BestBid" displayName="@{griddefinitions.bid}" width="80" cssClass="flashing-price"/>
				<column id="bestask" cellRenderer="fx-price" fields="BestAsk" displayName="@{griddefinitions.ask}" width="80" cssClass="flashing-price"/>
			</columnDefinitions>
			<decorators>
			</decorators>
		</gridTemplate>		

		<gridTemplate id="fxGrid" baseTemplate="sortableGrid" displayedColumns="description, bestbid, bestask">
			<decorators>
				<dragDecorator ddGroup="fxInstruments"/>
			</decorators>
			<columnDefinitions>
				<column id="description" fields="InstrumentDescription" displayName="@{griddefinitions.currency}" width="80" mandatory="true" primaryFieldType="text"/>
				<column id="rate" cellRenderer="fx-spread" fields="BestBid,BestAsk" displayName="@{griddefinitions.rate}" width="115" cssClass="flashing-spread"/>
				<column id="bestbid" cellRenderer="fx-price" fields="BestBid" displayName="@{griddefinitions.bid}" width="80" cssClass="flashing-price"/>
				<column id="bestask" cellRenderer="fx-price" fields="BestAsk" displayName="@{griddefinitions.ask}" width="80" cssClass="flashing-price"/>
			</columnDefinitions>
		</gridTemplate>		

		<gridTemplate id="fxPipsGrid" baseTemplate="sortableGrid" displayedColumns="description, bestbid, bestask">
			<decorators>
				<dragDecorator ddGroup="fxInstruments"/>
			</decorators>
			<columnDefinitions>
				<column id="description" fields="InstrumentDescription" displayName="@{griddefinitions.currency}" width="80" mandatory="true" primaryFieldType="text"/>
				<column id="rate" cellRenderer="fx-spread" fields="BestBid,BestAsk" displayName="@{griddefinitions.rate}" width="115" cssClass="flashing-spread"/>
				<column id="bestbid" cellRenderer="fx-pips-price" fields="BestBid" displayName="@{griddefinitions.bid}" width="75" cssClass="flashing-price flashing-pips"/>
				<column id="bestask" cellRenderer="fx-pips-price" fields="BestAsk" displayName="@{griddefinitions.ask}" width="75" cssClass="flashing-price flashing-pips"/>
			</columnDefinitions>
		</gridTemplate>
		
		<gridTemplate id="FX.Blotter" baseTemplate="filterableGrid" displayedColumns="blotter-fx-trade-id, currency-pair, dealt-currency, blotter-status, buy-sell, blotter-amount, blotter-rate, settlement-date, trade-date,  account, time-stamp, tobouser, user-id">
            <columnDefinitions>
                <column id="blotter-fx-trade-id" fields="TradeID" displayName="@{griddefinitions.trade_id}" width="100" mandatory="true" primaryFieldType="number" headerRenderer="rangeFilter" cssClass="blotter-text"/>
                <column id="currency-pair" fields="L1_Instrument" displayName="@{griddefinitions.currency_pair}" primaryFieldType="text" headerRenderer="textFilter" cssClass="blotter-text"/>
                <column id="dealt-currency" fields="L1_DealtCurrency" displayName="@{griddefinitions.dealt_currency}" primaryFieldType="text" headerRenderer="textFilter"/>
                <column id="blotter-status" fields="Status" displayName="@{griddefinitions.status}" width="75" mandatory="true" primaryFieldType="text" headerRenderer="textFilter" cssClass="blotter-text"/>
                <column id="buy-sell" fields="L1_BuySell" displayName="@{griddefinitions.b_s}" width="55" primaryFieldType="text" headerRenderer="textFilter"/>
                <column id="blotter-amount" cellRenderer="fx-readable-number" fields="L1_Amount" displayName="@{griddefinitions.amount}" primaryFieldType="number" headerRenderer="rangeFilter" cssClass="blotter-number"/>
                <column id="blotter-rate" fields="L1_Price" cellRenderer="fx-readable-number" displayName="@{griddefinitions.rate}" primaryFieldType="number" headerRenderer="rangeFilter" cssClass="blotter-number"/>
                <column id="settlement-date" cellRenderer="fx-date" fields="L1_SettlementDate" displayName="@{griddefinitions.s_d}" primaryFieldType="number" headerRenderer="rangeFilter" />
                <column id="account" fields="Account" displayName="@{griddefinitions.account}" primaryFieldType="number" headerRenderer="rangeFilter"  cssClass="blotter-text"/>
                <column id="trade-date" cellRenderer="fx-date" fields="TradeDate" displayName="@{griddefinitions.t_d}" primaryFieldType="number" headerRenderer="rangeFilter" />
                <column id="time-stamp" cellRenderer="fx-timestamp" fields="TimeStamp" displayName="@{griddefinitions.time}" primaryFieldType="number" headerRenderer="rangeFilter" />
                <column id="tobouser" fields="TOBOUser" displayName="@{griddefinitions.submitted_for}" primaryFieldType="text" headerRenderer="textFilter"  cssClass="blotter-text"/>
                <column id="user-id" fields="UserName" displayName="@{griddefinitions.submitted_by}" primaryFieldType="text" headerRenderer="textFilter" cssClass="blotter-text"/>
            </columnDefinitions>
            <decorators>
                <noDataFoundBubble headerText="@{griddefinitions.no_trade_data_available}" bodyText="@{griddefinitions.blotter_shows_trades_as_placed}"/>
				<selectionDecorator persistSelection="false" singleSelection="true"/>
				<blotterExportDecorator />
            </decorators>
			<gridRowModel transformMode="live">
				<rttpContainerGridDataProvider container="/TRADEBLOTTER/FX"/>
			</gridRowModel>
		</gridTemplate>
		
		<gridTemplate id="Expandable" baseTemplate="nonDraggableFxGrid" displayedColumns="description,magicdescription,bestbid,bestask,rate">
			<columnDefinitions>
				<column id="description" fields="InstrumentDescription" displayName="@{griddefinitions.currency}" width="80" mandatory="true" primaryFieldType="text"	cellRenderer="fx-expandable"/>
				<column id="magicdescription" fields="MagicInstrumentDescription" displayName="@{griddefinitions.child_currency}" width="90" mandatory="true"/>
			</columnDefinitions>
			<gridRowModel>
				<expandableRowGridDataProvider>
					<gridDataProvider type="rttpContainerGridDataProvider" container="/TEST/CONTAINER/Items5Grow1End"/>
					<childRowDataProvider class="caplin.grid.dataprovider.expandable.ContainerChildRowDataProvider" config="caplinx.fxgrids.dataprovider.expandable.ContainerChildRowConfig"/>
				</expandableRowGridDataProvider>
			</gridRowModel>
			<decorators>
				<selectionDecorator persistSelection="false" singleSelection="true"/>
			</decorators>
		</gridTemplate>

		<gridTemplate id="FilterableExpandable" baseTemplate="nonDraggableFxGrid" displayedColumns="description,magicdescription,bestbid,bestask,rate">
			<columnDefinitions>
			 <column id="bestbid" headerRenderer="rangeFilter"/>
				<column id="description" fields="InstrumentDescription" displayName="@{griddefinitions.currency}" width="80" mandatory="true" primaryFieldType="text" headerRenderer="textFilter"	cellRenderer="fx-expandable"/>
				<column id="magicdescription" fields="MagicInstrumentDescription" displayName="@{griddefinitions.child_currency}" width="90" mandatory="true"/>
			</columnDefinitions>
			<decorators>
				<columnSortDecorator/>
				<resetColumnsDecorator/>
				<selectionDecorator persistSelection="false" singleSelection="true"/>
			</decorators>
			<gridRowModel transformMode="live">
				<expandableRowGridDataProvider>
					<gridDataProvider type="rttpContainerGridDataProvider" container="/CONTAINER/FX/Major"/>
					<childRowDataProvider class="caplin.grid.dataprovider.expandable.ContainerChildRowDataProvider" config="caplinx.fxgrids.dataprovider.expandable.ContainerChildRowConfig"/>
				</expandableRowGridDataProvider>
			</gridRowModel>
		</gridTemplate>
		
		<gridTemplate id="DynamicExpandable" baseTemplate="nonDraggableFxGrid" displayedColumns="description,magicdescription,bestbid,bestask,rate">
			<columnDefinitions>
			 <column id="bestbid" headerRenderer="rangeFilter"/>
			 <column id="bestask" headerRenderer="rangeFilter"/>
				<column id="description" fields="InstrumentDescription" displayName="@{griddefinitions.currency}" width="80" mandatory="true" primaryFieldType="text"	headerRenderer="textFilter"	cellRenderer="fx-expandable"/>
				<column id="magicdescription" fields="MagicInstrumentDescription" displayName="@{griddefinitions.child_currency}" width="90" mandatory="true"/>
			</columnDefinitions>
			<decorators>
			 <columnSortDecorator/>
			 <resetColumnsDecorator/>
			 <selectionDecorator persistSelection="false" singleSelection="true"/>
			</decorators>
			<gridRowModel>
				<expandableRowGridDataProvider>
					<gridDataProvider type="rttpContainerGridDataProvider" container="/CONTAINER/FX/Exotic"/>
					<childRowDataProvider class="caplin.grid.dataprovider.expandable.ContainerChildRowDataProvider" config="caplinx.fxgrids.dataprovider.expandable.ContainerChildRowConfigDynamic"/>
				</expandableRowGridDataProvider>
			</gridRowModel>
		</gridTemplate>
		
	</templates>
	
	<!-- CAUTION: the ids used within the grid section, unlike those within the gridTemplate section can not be changed once they
		have been used within production, as they may continue to exist within user's saved layouts for ever. -->
	<grids>
		<grid id="FX.PersonalGrid" baseTemplate="fxPersonalGrid" displayName="@{griddefinitions.fx_watchlist}" displayedColumns="remove, description, rate">
			<decorators>
				<noDataFoundBubble classname="dropzone" headerText="@{griddefinitions.new_fx_watchlist}" bodyText="@{griddefinitions.drag_drop_fx_to_populate_watchlist}"/>				
				<dragDecorator ddGroup="fxInstruments"/>
				<dropDecorator ddGroup="fxInstruments"/>
			</decorators>
			<columnDefinitions>
				<column id="description" fields="InstrumentDescription" displayName="@{griddefinitions.currency}" width="80" mandatory="true" primaryFieldType="text"/>
				<column id="rate" cellRenderer="fx-spread" fields="BestBid,BestAsk" displayName="@{griddefinitions.rate}" width="110" cssClass="flashing-spread"/>
				<column id="bestbid" cellRenderer="fx-price" fields="BestBid" displayName="@{griddefinitions.bid}" width="65" cssClass="flashing-price"/>
				<column id="bestask" cellRenderer="fx-price" fields="BestAsk" displayName="@{griddefinitions.ask}" width="65" cssClass="flashing-price"/>
			</columnDefinitions>
		</grid>
		
		<folder name="@{griddefinitions.fx}">
			<grid id="FX.Major" displayName="@{griddefinitions.major_fx}" baseTemplate="fxGrid">
				<gridRowModel>
					<rttpContainerGridDataProvider container="/CONTAINER/FX/Major"/>
				</gridRowModel>
			</grid>
			
			<grid id="FX.Major2" displayName="@{griddefinitions.major_fx_pips}" baseTemplate="fxPipsGrid">
				<gridRowModel>
					<rttpContainerGridDataProvider container="/CONTAINER/FX/Major"/>
				</gridRowModel>
			</grid>
			
			<grid id="FX.Minor" displayName="@{griddefinitions.minor_fx}" baseTemplate="fxGrid">
				<gridRowModel>
					<rttpContainerGridDataProvider container="/CONTAINER/FX/Minor"/>
				</gridRowModel>
			</grid>
			
			<grid id="FX.G8" displayName="@{griddefinitions.g8}" baseTemplate="fxGrid">
				<gridRowModel>
					<rttpContainerGridDataProvider container="/CONTAINER/FX/G8"/>
				</gridRowModel>
			</grid>
			
			<grid id="FX.Emerging" displayName="@{griddefinitions.emerging}" baseTemplate="fxGrid">
				<gridRowModel>
					<rttpContainerGridDataProvider container="/CONTAINER/FX/Emerging"/>
				</gridRowModel>
			</grid>
			
			<grid id="FX.SE_Asia" displayName="@{griddefinitions.south_east_asia}" baseTemplate="fxGrid">
				<gridRowModel>
					<rttpContainerGridDataProvider container="/CONTAINER/FX/SE_Asia"/>
				</gridRowModel>
			</grid>
			
			<grid id="FX.South_Asia" displayName="@{griddefinitions.south_asia}" baseTemplate="fxGrid">
				<gridRowModel>
					<rttpContainerGridDataProvider container="/CONTAINER/FX/South_Asia"/>
				</gridRowModel>
			</grid>
			
			<grid id="FX.European" displayName="@{griddefinitions.euro_fx}" baseTemplate="fxGrid">
				<gridRowModel>
					<rttpContainerGridDataProvider container="/CONTAINER/FX/European"/>
				</gridRowModel>
			</grid>
			
			<grid id="FX.East_European" displayName="@{griddefinitions.east_european}" baseTemplate="fxGrid">
				<gridRowModel>
					<rttpContainerGridDataProvider container="/CONTAINER/FX/East_European"/>
				</gridRowModel>
			</grid>
			
			<grid id="FX.Metals" displayName="@{griddefinitions.metals}" baseTemplate="fxGrid">
				<gridRowModel>
					<rttpContainerGridDataProvider container="/CONTAINER/FX/Metals"/>
				</gridRowModel>
			</grid>
			
			<grid id="FX.OPEC" displayName="@{griddefinitions.opec}" baseTemplate="fxGrid">
				<gridRowModel>
					<rttpContainerGridDataProvider container="/CONTAINER/FX/OPEC"/>
				</gridRowModel>
			</grid>
			
			<grid id="FX.Latin_America" displayName="@{griddefinitions.latin_america}" baseTemplate="fxGrid">
				<gridRowModel>
					<rttpContainerGridDataProvider container="/CONTAINER/FX/Latin_America"/>
				</gridRowModel>
			</grid>
			
			<grid id="FX.East_Africa" displayName="@{griddefinitions.east_africa}" baseTemplate="fxGrid">
				<gridRowModel>
					<rttpContainerGridDataProvider container="/CONTAINER/FX/East_Africa"/>
				</gridRowModel>
			</grid>
			
			<grid id="FX.Central_Africa" displayName="@{griddefinitions.central_africa}" baseTemplate="fxGrid">
				<gridRowModel>
					<rttpContainerGridDataProvider container="/CONTAINER/FX/Central_Africa"/>
				</gridRowModel>
			</grid>
			
			<grid id="FX.North_Africa" displayName="@{griddefinitions.north_africa}" baseTemplate="fxGrid">
				<gridRowModel>
					<rttpContainerGridDataProvider container="/CONTAINER/FX/North_Africa"/>
				</gridRowModel>
			</grid>
			
			<grid id="FX.West_Africa" displayName="@{griddefinitions.west_africa}" baseTemplate="fxGrid">
				<gridRowModel>
					<rttpContainerGridDataProvider container="/CONTAINER/FX/West_Africa"/>
				</gridRowModel>
			</grid>
			
			<grid id="FX.Southern_Africa" displayName="@{griddefinitions.southern_africa}" baseTemplate="fxGrid">
				<gridRowModel>
					<rttpContainerGridDataProvider container="/CONTAINER/FX/Southern_Africa"/>
				</gridRowModel>
			</grid>
			
			<grid id="FX.NE_Asia" displayName="@{griddefinitions.north_east_asia}" baseTemplate="fxGrid">
				<gridRowModel>
					<rttpContainerGridDataProvider container="/CONTAINER/FX/NE_Asia"/>
				</gridRowModel>
			</grid>
			
			<grid id="FX.Middle_East" displayName="@{griddefinitions.middle_east}" baseTemplate="fxGrid">
				<gridRowModel>
					<rttpContainerGridDataProvider container="/CONTAINER/FX/Middle_East"/>
				</gridRowModel>
			</grid>
			
			<grid id="FX.Exotic" displayName="@{griddefinitions.exotic}" baseTemplate="fxGrid">
				<gridRowModel>
					<rttpContainerGridDataProvider container="/CONTAINER/FX/Exotic"/>
				</gridRowModel>
			</grid>
			
			<grid id="FX.WorldSummary" displayName="@{griddefinitions.world_cross_rates}" baseTemplate="fxGrid">
				<decorators>
					<noDataFoundBubble headerText="@{griddefinitions.no_products_found}" bodyText="@{griddefinitions.adjust_search_criteria}"/>
					<resetColumnsDecorator/>
				</decorators>
				<columnDefinitions>
					<column id="description" headerRenderer="textFilter"/>
				</columnDefinitions>
				<gridRowModel>
					<rttpContainerGridDataProvider container="/CONTAINER/FX/WorldSummary"/>
				</gridRowModel>
			</grid>
		</folder>
	</grids>
</gridDefinitions>
