<?xml version="1.0" encoding="UTF-8"?>
<treeViewDefinitions xmlns="http://schema.caplin.com/CaplinTrader/treeViewDefinitions">
	<treeNodeMappings>
		<treeNodeMapping id="container" className="caplin.component.tree.RttpContainerTreeNode"/>
	</treeNodeMappings>
	
	<templates>
		<treeViewTemplate id="FITree" animate="false" loadFolderContent="onExpand" enableDrag="true" 
				rootVisible="false" ddGroup="fiInstruments" nodeTextFields="Description,CpnRate,MaturityDate" margin="5">
			<folder id="EUR" value="EUR" caption="@{treeviewdefinitions.eur}">
				<folder id="EURGovernments" value="Governments" caption="@{treeviewdefinitions.governments}">
					<folder id="Austria" value="/CONTAINER/FI/BMK/ATBMK" caption="@{treeviewdefinitions.austria}" type="container"></folder>
					<folder id="Belgium" value="/CONTAINER/FI/BMK/BEBMK" caption="@{treeviewdefinitions.belgium}" type="container"></folder>
					<folder id="France" value="/CONTAINER/FI/BMK/FRBMK" caption="@{treeviewdefinitions.france}" type="container"></folder>
					<folder id="Germany" value="/CONTAINER/FI/BMK/DEBMK" caption="@{treeviewdefinitions.germany}" type="container"></folder>
					<folder id="Greece" value="/CONTAINER/FI/BMK/GRBMK" caption="@{treeviewdefinitions.greece}" type="container"></folder>
					<folder id="Ireland" value="/CONTAINER/FI/BMK/IEBMK" caption="@{treeviewdefinitions.ireland}" type="container"></folder>
					<folder id="Italy" value="/CONTAINER/FI/BMK/ITBMK" caption="@{treeviewdefinitions.italy}" type="container"></folder>
					<folder id="Netherlands" value="/CONTAINER/FI/BMK/NLBMK" caption="@{treeviewdefinitions.netherlands}" type="container"></folder>
					<folder id="Portugal" value="/CONTAINER/FI/BMK/PTBMK" caption="@{treeviewdefinitions.portugal}" type="container"></folder>
					<folder id="Spain" value="/CONTAINER/FI/BMK/ESBMK" caption="@{treeviewdefinitions.spain}" type="container"></folder>
					<folder id="Switzerland" value="/CONTAINER/FI/BMK/CHBMK" caption="@{treeviewdefinitions.switzerland}" type="container"></folder>
					<folder id="AllEuro" value="/CONTAINER/FI/BMK/EUBMK" caption="@{treeviewdefinitions.euro_benchmarks}" type="container"></folder>
				</folder>
			</folder>
			<folder id="GBP" value="GBP" caption="@{treeviewdefinitions.gbp}">
				<folder id="GBBMK" value="/CONTAINER/FI/BMK/GBBMK" caption="@{treeviewdefinitions.government}" type="container"></folder>			
			</folder>
			<folder id="JPY" value="JPY" caption="@{treeviewdefinitions.jpy}">
				<folder id="JPBMK" value="/CONTAINER/FI/BMK/JPBMK" caption="@{treeviewdefinitions.government}" type="container"></folder>
			</folder>
			<folder id="USD" value="USD" caption="@{treeviewdefinitions.usd}">
				<folder id="USCorporate" value="Corporate" caption="@{treeviewdefinitions.corporate}">
					<folder id="CORUSDAU" value="/CONTAINER/FI/COR/CORUSDAU" caption="@{treeviewdefinitions.automobiles}" type="container"></folder>
					<folder id="CORUSDTX" value="/CONTAINER/FI/COR/CORUSDTX" caption="@{treeviewdefinitions.banking}" type="container"></folder>
					<folder id="CORUSDEN" value="/CONTAINER/FI/COR/CORUSDEN" caption="@{treeviewdefinitions.energy_sources}" type="container"></folder>
					<folder id="CORUSDFI" value="/CONTAINER/FI/COR/CORUSDFI" caption="@{treeviewdefinitions.financials}" type="container"></folder>
					<folder id="CORUSDFO" value="/CONTAINER/FI/COR/CORUSDFO" caption="@{treeviewdefinitions.food_and_household}" type="container"></folder>
					<folder id="CORUSDMM" value="/CONTAINER/FI/COR/CORUSDMM" caption="@{treeviewdefinitions.metals}" type="container"></folder>
					<folder id="CORUSDOT" value="/CONTAINER/FI/COR/CORUSDOT" caption="@{treeviewdefinitions.telecomms}" type="container"></folder>
					<folder id="CORUSDXV1" value="/CONTAINER/FI/COR/CORUSDXV" caption="@{treeviewdefinitions.utilities}" type="container"></folder>
					<folder id="CORUSDXV2" value="/CONTAINER/FI/COR/CORUSDXV" caption="@{treeviewdefinitions.other}" type="container"></folder>
				</folder>
				<folder id="USTGOV" value="/CONTAINER/FI/GOV/USTGOV" caption="@{treeviewdefinitions.treasuries}" type="container"></folder>
			</folder>
			<folder id="CAD" value="CAD" caption="@{treeviewdefinitions.cad}">
				<folder id="CABMK" value="/CONTAINER/FI/BMK/CABMK" caption="@{treeviewdefinitions.government}" type="container"></folder>
			</folder>
			<folder id="Nordic" value="Nordic" caption="@{treeviewdefinitions.nordic}">
				<folder id="DKBMK" value="/CONTAINER/FI/BMK/DKBMK" caption="@{treeviewdefinitions.denmark}" type="container"></folder>
				<folder id="FIBMK" value="/CONTAINER/FI/BMK/FIBMK" caption="@{treeviewdefinitions.finland}" type="container"></folder>
				<folder id="NOBMK" value="/CONTAINER/FI/BMK/NOBMK" caption="@{treeviewdefinitions.norway}" type="container"></folder>
			</folder>
			<folder id="Pacific" value="Pacific" caption="@{treeviewdefinitions.pacific}">
				<folder id="AUBMK" value="/CONTAINER/FI/BMK/AUBMK" caption="@{treeviewdefinitions.australia}" type="container"></folder>
				<folder id="NZBMK" value="/CONTAINER/FI/BMK/NZBMK" caption="@{treeviewdefinitions.new_zealand}" type="container"></folder>
			</folder>
		</treeViewTemplate>
		<treeViewTemplate id="FIProductSearchTree" toggleCheckOnDblClick="false" checked="false" nodeIcon="false" 
				animate="false" loadFolderContent="onInitialize" enableDrag="false" rootVisible="false" ddGroup="fxInstruments" 
				nodeTextFields="InstrumentDescription" marginTop="0" marginRight="0" marginBottom="5" marginLeft="5" borderWidth="1" 
				borderColor="#414141" borderStyleTop="dashed">			
			<folder id="Coupon" value=""  caption="@{treeviewdefinitions.coupon}">
				<item id="0-3" value="CpnRate=0-3" caption="@{treeviewdefinitions.lte_3pc}"/>
				<item id="3-4" value="CpnRate=3-4" caption="@{treeviewdefinitions.3pc_4pc}"/>
				<item id="4-5" value="CpnRate=4-5" caption="@{treeviewdefinitions.4pc_5pc}"/>
				<item id="5-6" value="CpnRate=5-6" caption="@{treeviewdefinitions.5pc_6pc}"/>
				<item id="6plus" value="CpnRate=6+" caption="@{treeviewdefinitions.gte_6pc}"/>
			</folder>
			<folder id="BidYield" value=""  caption="@{treeviewdefinitions.bid_yield}">
				<item id="0-3" value="BidYield=0-3" caption="@{treeviewdefinitions.lte_3pc}"/>
				<item id="3-4" value="BidYield=3-4" caption="@{treeviewdefinitions.3pc_4pc}"/>
				<item id="4-5" value="BidYield=4-5" caption="@{treeviewdefinitions.4pc_5pc}"/>
				<item id="5-6" value="BidYield=5-6" caption="@{treeviewdefinitions.5pc_6pc}"/>
				<item id="6-8" value="BidYield=6-8" caption="@{treeviewdefinitions.6pc_8pc}"/>
				<item id="8-10" value="BidYield=8-10" caption="@{treeviewdefinitions.8pc_10pc}"/>
				<item id="10plus" value="BidYield=10+" caption="@{treeviewdefinitions.gte_10pc}"/>
			</folder>
			<folder id="AskYield" value=""  caption="@{treeviewdefinitions.ask_yield}">
				<item id="0-3" value="AskYield=0-3" caption="@{treeviewdefinitions.lte_3pc}"/>
				<item id="3-4" value="AskYield=3-4" caption="@{treeviewdefinitions.3pc_4pc}"/>
				<item id="4-5" value="AskYield=4-5" caption="@{treeviewdefinitions.4pc_5pc}"/>
				<item id="5-6" value="AskYield=5-6" caption="@{treeviewdefinitions.5pc_6pc}"/>
				<item id="6-8" value="AskYield=6-8" caption="@{treeviewdefinitions.6pc_8pc}"/>
				<item id="8-10" value="AskYield=8-10" caption="@{treeviewdefinitions.8pc_10pc}"/>
				<item id="10plus" value="AskYield=10+" caption="@{treeviewdefinitions.gte_10pc}"/>
			</folder>
			<folder id="Description" value=""  caption="@{treeviewdefinitions.description}">
				<item id="Description=AUSTRIA" value="Description=AUSTRIA" caption="@{treeviewdefinitions.austria_caps}"/>
				<item id="Description=france" value="Description=france" caption="@{treeviewdefinitions.france_caps}"/>
			</folder>
		</treeViewTemplate>
	</templates>
</treeViewDefinitions>
