<resources xmlns="http://schema.caplin.com/CaplinTrader/Resources">
	<requiredClasses>
		<configurationPath></configurationPath>	
		<className>caplin.widget.logging.ConsoleLogger</className>
		<className>caplin.widget.events.EventManager</className>
		<className>caplin.widget.adaptors.CaplinWidgetAdaptorFactory</className>
		<className>caplin.widget.Panel</className>
		<className>caplin.widget.Dialog</className>
		<className>caplin.widget.objectset.DataObject</className>
		<className>caplin.widget.search.SearchWidget</className>
		<className>caplin.widget.objectset.AbstractRttpObject</className>
		<className>caplin.widget.objectset.AbstractRttpErrorMessageHandler</className>
		<className>caplin.widget.element.renderer.PrepopulatedElementRenderer</className>
		<className>caplin.widget.objectset.DataPanelSet</className>
		<className>caplin.widget.formcontrols.HTMLComponentView</className>
		<className>caplin.widget.formcontrols.ListBox</className>
		<className>caplin.widget.formcontrols.SelectBox</className>
		<className>caplin.framework.WebcentricAdapter</className>	
		<className>caplin.element.styler.RemoveButtonStyler</className>
		<className>caplin.element.styler.ClassStyler</className>
		<className>caplin.component.HtmlTemplateComponent</className>
		<className>caplin.component.composite.CompositeComponent</className>
		<className>caplin.component.form.SimpleFormComponentFactory</className>
		<className>caplin.component.BrowserComponent</className>
		<className>caplin.component.TraceComponent</className>
		<className>caplin.component.tree.TreeViewGenerator</className>
		<className>caplin.component.filter.QueryFilterExpression</className>
		<className>caplin.renderer.control.ControlRendererTemplate</className>
		<className>caplin.renderer.RendererCreationFactory</className>
		<className>caplin.renderer.control.TextControl</className>
		<className>caplin.renderer.control.TextBoxControl</className>
		<className>caplin.grid.GridColumn</className>
		<className>caplin.grid.GridColumnModel</className>
		<className>caplin.grid.GridScrollPane</className>
		<className>caplin.grid.dataprovider.expandable.SL4BSubjectChildRowDataProvider</className>
		<className>caplin.grid.dataprovider.expandable.ContainerChildRowDataProvider</className>
		<className>caplin.grid.GridPermissionListener</className>
		<className>caplin.trading.presentation.tile.TileViewGenerator</className>
		<className>caplin.stream.helper.Json</className>
		<className>caplinx.component.form.StatusBarComponentFactory</className>
		<className>caplinx.widget.tradeticket.TradeTicketCreator</className>
		<className>caplinx.widget.objectset.BlotterSet</className>
		<className>caplinx.widget.objectset.TradeObject</className>
		<className>caplinx.widget.objectset.TradePanelController</className>
		<className>caplinx.widget.objectset.BlotterRecordObject</className>
		<className>caplinx.renderer.DateElementRenderer</className>
		<className>caplinx.renderer.YieldElementRenderer</className>
		<className>caplinx.renderer.Notation32SpreadElementRenderer</className>
		<className>caplinx.renderer.Notation32PriceElementRenderer</className>
		<className>caplinx.renderer.BondSpreadElementRenderer</className>
		<className>caplin.grid.handler.RttpContainerExportHandler</className>
		<className>caplin.chart.formatter.YearsFromTodayFormatter</className>
		<className>caplin.grid.decorator.RttpContainerExportDecorator</className>

		<className>caplin.form.FormComponent</className>
		<className>caplin.dom.implementations.ExtComboBoxImplementation</className>
		<className>caplin.dom.implementations.RendererImplementation</className>

		<className>caplin.control.basic.TextControl</className>

		<className>caplinx.CaplinFactory</className>
		<className>caplinx.grid.TemporaryRendererFactoryInitializer</className>
		
		<!-- required by 'benchmark_chart_print_template.html' -->
		<className>caplinx.chart.BenchmarkChartDataProvider</className>
		<className>caplinx.historicdata.ChartPrintHelper</className>
	</requiredClasses>
</resources>
