<?xml version="1.0" encoding="UTF-8"?>
<?xml-stylesheet type="text/xsl" href="gridDefinitions.xslt"?>
<gridDefinitions xmlns="http://schema.caplin.com/CaplinTrader/gridDefinitions">
	<dataProviderMappings>
		<dataProviderMapping id="rttpContainerGridDataProvider" className="caplin.grid.RttpContainerGridDataProvider"/>
		<dataProviderMapping id="personalGridDataProvider" className="caplin.grid.PersonalGridDataProvider"/>
		<dataProviderMapping id="webServiceGridDataProvider" className="caplin.grid.WebServiceGridDataProvider"/>
		<dataProviderMapping id="expandableRowGridDataProvider" className="caplin.grid.dataprovider.expandable.ExpandableRowGridDataProvider"/>
		<dataProviderMapping id="chainedGridDataProvider" className="caplin.grid.dataprovider.ChainedGridDataProvider"/>
	</dataProviderMappings>
	
	<decoratorMappings>
		<decoratorMapping id="columnMenuDecorator" className="caplin.grid.decorator.ColumnMenuDecorator"/>
		<decoratorMapping id="columnSortDecorator" className="caplin.grid.decorator.ColumnSortDecorator"/>
		<decoratorMapping id="columnReorderingDecorator" className="caplin.grid.decorator.ColumnReorderingDecorator"/>
		<decoratorMapping id="resetColumnsDecorator" className="caplin.grid.decorator.ResetColumnsDecorator"/>
		<decoratorMapping id="loadingDataDecorator" className="caplin.grid.decorator.LoadingDataDecorator"/>
		<decoratorMapping id="dragDecorator" className="caplin.grid.decorator.DragDecorator"/>
		<decoratorMapping id="dropDecorator" className="caplin.grid.decorator.DropDecorator"/>
		<decoratorMapping id="hoverDecorator" className="caplin.grid.decorator.HoverDecorator"/>
		<decoratorMapping id="selectionDecorator" className="caplin.grid.decorator.SelectionDecorator"/>
		<decoratorMapping id="groupHeaderDecorator" className="caplin.grid.decorator.GroupHeaderDecorator"/>
		<decoratorMapping id="scrollTipDecorator" className="caplin.grid.decorator.ScrollTipDecorator"/>
		<decoratorMapping id="removeRowDecorator" className="caplin.grid.decorator.RemoveRowDecorator"/>
		<decoratorMapping id="openAjaxFiltersDecorator" className="caplin.grid.decorator.OpenAjaxFiltersDecorator"/>
		<decoratorMapping id="requestDataOnCurrencyChangeDecorator" className="caplin.grid.decorator.RequestDataOnCurrencyChangeDecorator"/>
		<decoratorMapping id="chartCreationDecorator" className="caplinx.figrids.decorator.ChartCreationDecorator"/>
		<decoratorMapping id="columnResizingDecorator" className="caplin.grid.decorator.ColumnResizingDecorator"/>
		<decoratorMapping id="rowLoadingDecorator" className="caplin.grid.decorator.RowLoadingDecorator"/>
		<decoratorMapping id="exportGridDataToExcelDecorator" className="caplin.grid.decorator.ExportGridDataToExcelDecorator"/>
		<decoratorMapping id="noDataFoundBubble" className="caplin.grid.decorator.NoDataFoundBubbleMessageDecorator"/>
		<decoratorMapping id="watchListMenuDecorator" className="caplinx.integration.tradelist.grid.decorator.WatchListMenuDecorator"/>
		<decoratorMapping id="blotterExportDecorator" className="caplin.grid.decorator.RttpContainerExportDecorator"/>
		<decoratorMapping id="rowActionDecorator" className="caplin.grid.decorator.RowActionDecorator"/>
		<decoratorMapping id="rowCountdownDecorator" className="caplin.grid.decorator.RowCountdownDecorator"/>
		<decoratorMapping id="oldTradeOnClickDecorator" className="caplinx.figrids.decorator.OldTradeOnClickDecorator"/>
		
	</decoratorMappings>
	<templates>
		<gridTemplate id="immutableGrid">
			<decorators>
				<loadingDataDecorator showInitialLoad="true"/>
				<hoverDecorator/>
				<scrollTipDecorator/>
				<selectionDecorator/>
				<noDataFoundBubble headerText="@{griddefinitions.data_unavailable}" bodyText="@{griddefinitions.no_data_received}" 
					connectionLostHeaderText="@{griddefinitions.data_unavailable}" connectionLostBodyText="@{griddefinitions.no_data_received}"/>
			</decorators>
		</gridTemplate>
		
		<gridTemplate id="mutableGrid" baseTemplate="immutableGrid">
			<decorators>
				<columnMenuDecorator/>
				<columnReorderingDecorator/>
				<columnResizingDecorator/>
				<rowLoadingDecorator imagePath="source/theme/packages/grid/decorator/images/loading-row.gif"/>
			</decorators>
		</gridTemplate>
		
		<gridTemplate id="sortableGrid" baseTemplate="mutableGrid">
			<decorators>
				<columnSortDecorator/>
			</decorators>
		</gridTemplate>
		
		<gridTemplate id="filterableGrid" baseTemplate="sortableGrid">
			<decorators>
				<noDataFoundBubble headerText="@{griddefinitions.no_products_found}" bodyText="@{griddefinitions.adjust_search_criteria}" 
					connectionLostHeaderText="@{griddefinitions.data_unavailable}" connectionLostBodyText="@{griddefinitions.no_data_received}"/>
				<resetColumnsDecorator/>
			</decorators>
		</gridTemplate>
		
		<gridTemplate id="personalGrid" baseTemplate="sortableGrid">
			<decorators>
				<removeRowDecorator/>
			</decorators>
			<columnDefinitions>
				<column id="remove" cellRenderer="personal-grid-remove-row-button" fields="X" displayName="" width="20" mandatory="true" fixed="true" resizable="false" sortable="false"/>
			</columnDefinitions>
			<gridRowModel transformMode="live">
				<personalGridDataProvider/>
			</gridRowModel>
		</gridTemplate>
		
		<gridTemplate id="nonDraggableFxGrid" baseTemplate="mutableGrid" displayedColumns="description, bestbid, bestask">
			<columnDefinitions>
				<column id="description" fields="InstrumentDescription" displayName="@{griddefinitions.currency}" width="80" mandatory="true" primaryFieldType="text"/>
				<column id="rate" cellRenderer="fx-spread" fields="BestBid,BestAsk" displayName="@{griddefinitions.rate}" width="115" cssClass="flashing-spread"/>
				<column id="bestbid" cellRenderer="fx-price" fields="BestBid" displayName="@{griddefinitions.bid}" width="80" cssClass="flashing-price"/>
				<column id="bestask" cellRenderer="fx-price" fields="BestAsk" displayName="@{griddefinitions.ask}" width="80" cssClass="flashing-price"/>
			</columnDefinitions>
			<decorators>
			</decorators>
		</gridTemplate>		

		<gridTemplate id="fiGrid" baseTemplate="filterableGrid" displayedColumns="description, cpn, mat, bidyield, bidprice, askprice, askyield">
			<decorators>
				<dragDecorator ddGroup="fiInstruments"/>
				<chartCreationDecorator/>
			</decorators>
			<columnDefinitions>
				<column id="description" cellRenderer="description" fields="Description" displayName="@{griddefinitions.description}" width="110" mandatory="true" primaryFieldType="text" headerRenderer="textFilter"/>
				<column id="ccy" fields="Currency" displayName="Ccy" width="35" primaryFieldType="text"/>
				<column id="cpn" cellRenderer="fi-coupon" headerRenderer="rangeFilter" fields="CpnRate" displayName="@{griddefinitions.coupon}" width="50"/>
				<column id="mat" cellRenderer="fi-maturity" fields="MaturityDate" displayName="@{griddefinitions.maturity_date}" width="80"/>
				<column id="bidyield" cellRenderer="fi-yield" headerRenderer="rangeFilter" fields="BidYield" displayName="@{griddefinitions.bid_yield}" width="55" cssClass="flashing-price"/>
				<column id="bidprice" cellRenderer="fi-price" headerRenderer="rangeFilter" fields="BidPrice" displayName="@{griddefinitions.bid_price}" width="65" cssClass="flashing-price"/>
				<column id="askprice" cellRenderer="fi-price" headerRenderer="rangeFilter" fields="AskPrice" displayName="@{griddefinitions.ask_price}" width="65" cssClass="flashing-price"/>
				<column id="askyield" cellRenderer="fi-yield" headerRenderer="rangeFilter" fields="AskYield" displayName="@{griddefinitions.ask_yield}" width="55" cssClass="flashing-price"/>
				<column id="price" cellRenderer="fi-spread" fields="BidPrice,AskPrice" displayName="@{griddefinitions.price}" width="85" cssClass="flashing-spread"/>
			</columnDefinitions>
		</gridTemplate>
	
		<gridTemplate id="irsGrid" baseTemplate="filterableGrid" displayedColumns="description, cpn, mat, bidyield, price, askyield">
			<decorators>
				<dragDecorator ddGroup="irsInstruments"/>
			</decorators>
			<columnDefinitions>
				<column id="description" cellRenderer="description" fields="Description" displayName="@{griddefinitions.description}" width="110" mandatory="true" primaryFieldType="text"/>
				<column id="ccy" fields="Currency" displayName="@{griddefinitions.ccy}" width="35" primaryFieldType="text"/>
				<column id="cpn" cellRenderer="fi-coupon" headerRenderer="rangeFilter" fields="CpnRate" displayName="@{griddefinitions.coupon}" width="50" mandatory="true"/>
				<column id="mat" cellRenderer="fi-maturity" fields="MaturityDate" displayName="@{griddefinitions.maturity_date}" width="80" mandatory="true"/>
				<column id="price" cellRenderer="fi-spread" fields="BidPrice,AskPrice" displayName="@{griddefinitions.price}" width="110" cssClass="flashing-spread"/>
				<column id="bidyield" cellRenderer="fi-yield" headerRenderer="rangeFilter" fields="BidYield" displayName="@{griddefinitions.bid_yield}" width="55" cssClass="flashing-price"/>
				<column id="askyield" cellRenderer="fi-yield" headerRenderer="rangeFilter" fields="AskYield" displayName="@{griddefinitions.ask_yield}" width="55" cssClass="flashing-price"/>
			</columnDefinitions>
		</gridTemplate>
		
		<!-- the following templates are referred to within composite components rather than within the grid section below.
			even so, it is correct to define everything here so it is not serilized to the user's DB, and can be changed by
			the administrator later. Caution must still be taken with the identifiers however - these can not be changed
			once they have be used within production. -->
		<gridTemplate id="fiProductSearchGrid" baseTemplate="fiGrid">
			<gridRowModel>
				<rttpContainerGridDataProvider container="/CONTAINER/FI/ALL"/>
			</gridRowModel>
		</gridTemplate>
		
		<gridTemplate id="portfolioManagerGrid" baseTemplate="immutableGrid" displayedColumns="portfolio">
			<gridRowModel>
				<rttpContainerGridDataProvider container="/PORTFOLIO/Container"/>
			</gridRowModel>
			<decorators>
				<noDataFoundBubble headerText="@{griddefinitions.no_matching_portfolios}" bodyText="@{griddefinitions.no_portfolios_available}"/>
				<selectionDecorator persistSelection="true" singleSelection="true"/>
			</decorators>
			<columnDefinitions>
				<column id="portfolio" cellRenderer="portfolio-description" fields="Portfolio,PortfolioContainer" displayName="@{griddefinitions.portfolio}" width="220"/>
			</columnDefinitions>
		</gridTemplate>
		
		<gridTemplate id="portfolioDetailGrid" baseTemplate="filterableGrid" displayedColumns="rowIndex, dir, currency, notional, startDate,
		 endDate, index, fixed, npv, dv01, latFixing, fixedBasis, floatBasis, fixedFreq, floatFreq">
			<gridRowModel>
				<rttpContainerGridDataProvider container="/PORTFOLIO/NO_SUCH_ID"/>
			</gridRowModel>
			<decorators>
				<noDataFoundBubble headerText="@{griddefinitions.no_matching_portfolios}" bodyText="@{griddefinitions.select_portfolio_remove_filters}"
									connectionLostHeaderText="@{griddefinitions.no_matching_portfolios}" connectionLostBodyText="@{griddefinitions.select_portfolio_remove_filters}"/>
			</decorators>
			<columnDefinitions>
				<column id="rowIndex" cellRenderer="portfolio-index" fields="PortfolioIdx" displayName="  " width="25" mandatory="true" fixed="true" resizable="false"/>
				<column id="dir" primaryFieldType="text" fields="PortfolioDir" displayName="@{griddefinitions.dir}" width="35"/>
				<column id="currency" primaryFieldType="text" fields="PortfolioCcy" displayName="@{griddefinitions.ccy}" width="35"/>
				<column id="notional" headerRenderer="rangeFilter" primaryFieldType="number" fields="PortfolioNotional" displayName="@{griddefinitions.notional}" width="65" mandatory="true"/>
				<column id="startDate" cellRenderer="portfolio-date" fields="PortfolioStartDate" displayName="@{griddefinitions.start_date}" width="80"/>
				<column id="endDate" cellRenderer="portfolio-date" fields="PortfolioEndDate" displayName="@{griddefinitions.end_date}" width="80"/>
				<column id="index" primaryFieldType="text" fields="PortfolioIndex" displayName="@{griddefinitions.index}" width="55"/>
				<column id="fixed" headerRenderer="rangeFilter" fields="PortfolioFixed" displayName="@{griddefinitions.fixed}" width="55"/>
				<column id="npv" cellRenderer="fi-yield" headerRenderer="rangeFilter" fields="PortfolioNPV" displayName="@{griddefinitions.npv}" width="75" mandatory="true" cssClass="flashing-total"/>
				<column id="dv01" cellRenderer="fi-yield" headerRenderer="rangeFilter" fields="PortfolioDV01" displayName="@{griddefinitions.dv01}" width="75" mandatory="true" cssClass="flashing-total"/>
				<column id="latFixing" headerRenderer="rangeFilter" primaryFieldType="text" fields="PortfolioLatFixing" displayName="@{griddefinitions.lat_fixing}" width="65"/>
				<column id="fixedBasis" primaryFieldType="text" fields="PortfolioFixedBasis" displayName="@{griddefinitions.fixed_basis}" width="75"/>
				<column id="floatBasis" primaryFieldType="text" fields="PortfolioFloatBasis" displayName="@{griddefinitions.float_basis}" width="75"/>
				<column id="fixedFreq" primaryFieldType="text" fields="PortfolioFixedFreq" displayName="@{griddefinitions.fixed_freq}" width="75"/>
				<column id="floatFreq" primaryFieldType="text" fields="PortfolioFloatFreq" displayName="@{griddefinitions.float_freq}" width="75"/>
			</columnDefinitions>
		</gridTemplate>
		
		<gridTemplate id="chartGrid" baseTemplate="immutableGrid" displayedColumns="maturity, yield">
			<decorators>
				<openAjaxFiltersDecorator/>
				<groupHeaderDecorator headerTextField="Title"/>
				<exportGridDataToExcelDecorator eventNamespace="settings" eventName="export" url="source/services/static-data/exportToExcelWorkbook.jsp"/>
				<noDataFoundBubble headerText="@{griddefinitions.no_benchmark_data}" bodyText="@{griddefinitions.drag_drop_fi_to_populate_grid}"/>
			</decorators>
			<columnDefinitions>
				<column id="maturity" cellRenderer="snapshot-maturity" fields="Maturity, Title" displayName="@{griddefinitions.maturity}" width="200" mandatory="true"/>
				<column id="yield" cellRenderer="text" fields="Yield" displayName="@{griddefinitions.yield}" width="120" mandatory="true"/>
			</columnDefinitions>
		</gridTemplate>
		
		<gridTemplate id="benchmarkGrid" baseTemplate="chartGrid"/>
		
		<gridTemplate id="fiBenchmarkGrid" baseTemplate="chartGrid">
			<gridRowModel serializeFilters="false">
				<webServiceGridDataProvider url="source/services/static-data/benchmarkGrid.jsp" format="json"/>
			</gridRowModel>
		</gridTemplate>
		
		<gridTemplate id="fiTimeseriesGrid" baseTemplate="chartGrid">
			<gridRowModel serializeFilters="false">
				<webServiceGridDataProvider url="source/services/static-data/timeSeriesGrid.jsp" format="json"/>
			</gridRowModel>
			<columnDefinitions>
				<column id="maturity" cellRenderer="time-series-maturity" fields="Date, Title" displayName="@{griddefinitions.date}" width="200" mandatory="true"/>
				<column id="yield" cellRenderer="text" fields="Yield" displayName="@{griddefinitions.yield}" width="120" mandatory="true"/>
			</columnDefinitions>
		</gridTemplate>
		
		<gridTemplate id="FI.MarketOverview" baseTemplate="immutableGrid" displayedColumns="category, date, value">
			<gridRowModel>
				<webServiceGridDataProvider url="source/services/static-data/marketOverview/historicalData.jsp" format="json"/>
			</gridRowModel>
			<decorators>
				<groupHeaderDecorator headerTextField="Type"/>
				<requestDataOnCurrencyChangeDecorator subject="USD (US Dollar)"/>
				<exportGridDataToExcelDecorator eventNamespace="settings" eventName="export" url="source/services/static-data/exportToExcelWorkbook.jsp"/>
			</decorators>
			<columnDefinitions>
				<column id="category" fields="Category, Type" displayName="@{griddefinitions.category}" width="200" mandatory="true"/>
				<column id="date" fields="Date" displayName="@{griddefinitions.date}" width="120"/>
				<column id="value" fields="Value" displayName="@{griddefinitions.value}" width="120"/>
			</columnDefinitions>
		</gridTemplate>
		
		<gridTemplate id="FI.Blotter" baseTemplate="filterableGrid" displayedColumns="blotter-fi-trade-id, instrument, isin, blotter-coupon,  maturity-date, blotter-status,  buy-sell, currency, blotter-price, blotter-yield, blotter-qty, blotter-principal, blotter-accrued, blotter-net-amount, settlement-date, trade-date, account">
	        <columnDefinitions>
	            <column id="blotter-fi-trade-id" fields="TradeID" displayName="@{griddefinitions.trade_id}" width="110" mandatory="true" primaryFieldType="number" headerRenderer="rangeFilter"  cssClass="blotter-text"/>
				<column id="blotter-status" fields="Status" displayName="@{griddefinitions.status}" width="75" mandatory="true" primaryFieldType="text" headerRenderer="textFilter" cssClass="blotter-text"/>
	            <column id="instrument" fields="Description" displayName="@{griddefinitions.instrument}" width="100" primaryFieldType="text" headerRenderer="textFilter"  cssClass="blotter-text"/>
	            <column id="isin" fields="L1_InstrumentAlias" displayName="@{griddefinitions.isin}" width="100" primaryFieldType="text" headerRenderer="textFilter" cssClass="blotter-text" />
				<column id="buy-sell" fields="L1_BuySell" displayName="@{griddefinitions.b_s}"  width="55" primaryFieldType="text" headerRenderer="textFilter"/>
	            <column id="blotter-coupon" fields="CpnRate" displayName="@{griddefinitions.coupon}"  width="55"  primaryFieldType="number" headerRenderer="rangeFilter" cssClass="blotter-number"/>
				<column id="blotter-price" fields="L1_Price" displayName="@{griddefinitions.price}" width="65" primaryFieldType="number" headerRenderer="rangeFilter" cssClass="blotter-number"/>
	            <column id="blotter-yield" fields="L1_Yield" displayName="@{griddefinitions.yield}" width="65" primaryFieldType="number" headerRenderer="rangeFilter" cssClass="blotter-number"/>	
	            <column id="blotter-qty" fields="L1_Qty" displayName="@{griddefinitions.quantity}" width="65" primaryFieldType="number" headerRenderer="rangeFilter" cssClass="blotter-number"/>								
				<column id="blotter-principal" fields="L1_Principal" displayName="@{griddefinitions.principal}" width="65" primaryFieldType="number" headerRenderer="rangeFilter" cssClass="blotter-number"/>
				<column id="blotter-accrued" fields="L1_Accrued" displayName="@{griddefinitions.accrued}" width="65" primaryFieldType="number" headerRenderer="rangeFilter" cssClass="blotter-number"/>
	            <column id="blotter-net-amount" fields="L1_NetTotalAmount" displayName="@{griddefinitions.net}" width="65" primaryFieldType="number" headerRenderer="rangeFilter" cssClass="blotter-number"/>									
	            <column id="settlement-date" cellRenderer="fi-maturity" fields="L1_SettlementDate" displayName="@{griddefinitions.s_d}" width="80" primaryFieldType="number" headerRenderer="rangeFilter" />
				<column id="maturity-date" cellRenderer="fi-maturity" fields="MaturityDate" displayName="@{griddefinitions.maturity_date}" width="80" />
	            <column id="account" fields="Account" displayName="@{griddefinitions.counterparty}"  width="90"  primaryFieldType="text" headerRenderer="textFilter"  cssClass="blotter-text"/>
	            <column id="currency" fields="Currency" displayName="@{griddefinitions.currency}"  width="60"  primaryFieldType="text" headerRenderer="textFilter"/>	
	            <column id="trade-date" cellRenderer="fi-maturity" fields="TradeDate" displayName="@{griddefinitions.t_d}" width="70" primaryFieldType="number" headerRenderer="rangeFilter" />
	            <column id="time-stamp" cellRenderer="timestamp" fields="TimeStamp" displayName="@{griddefinitions.time}" width="65" primaryFieldType="number" headerRenderer="rangeFilter" />
	            <column id="user-id" fields="UserName" displayName="@{griddefinitions.user_id}" width="100" primaryFieldType="text" headerRenderer="textFilter" cssClass="blotter-text" />
				
	        </columnDefinitions>
	        <decorators>
	            <noDataFoundBubble headerText="@{griddefinitions.no_trade_data_available}" bodyText="@{griddefinitions.blotter_shows_trades_as_placed}"/>
				<selectionDecorator persistSelection="false" singleSelection="true"/>
				<blotterExportDecorator />
	        </decorators>
			<gridRowModel transformMode="live">
	            <rttpContainerGridDataProvider container="/TRADEBLOTTER/FI"/>				
			</gridRowModel>
		</gridTemplate>
		
		<gridTemplate id="Expandable" baseTemplate="nonDraggableFxGrid" displayedColumns="description,magicdescription,bestbid,bestask,rate">
			<columnDefinitions>
				<column id="description" fields="InstrumentDescription" displayName="@{griddefinitions.currency}" width="80" mandatory="true" primaryFieldType="text"	cellRenderer="expandable"/>
				<column id="magicdescription" fields="MagicInstrumentDescription" displayName="@{griddefinitions.child_currency}" width="90" mandatory="true"/>
			</columnDefinitions>
			<gridRowModel>
				<expandableRowGridDataProvider>
					<gridDataProvider type="rttpContainerGridDataProvider" container="/TEST/CONTAINER/Items5Grow1End"/>
					<childRowDataProvider class="caplin.grid.dataprovider.expandable.ContainerChildRowDataProvider" config="caplinx.figrids.dataprovider.expandable.ContainerChildRowConfig"/>
				</expandableRowGridDataProvider>
			</gridRowModel>
			<decorators>
				<selectionDecorator persistSelection="false" singleSelection="true"/>
			</decorators>
		</gridTemplate>

		<gridTemplate id="FilterableExpandable" baseTemplate="nonDraggableFxGrid" displayedColumns="description,magicdescription,bestbid,bestask,rate">
			<columnDefinitions>
			 <column id="bestbid" headerRenderer="rangeFilter"/>
				<column id="description" fields="InstrumentDescription" displayName="@{griddefinitions.currency}" width="80" mandatory="true" primaryFieldType="text" headerRenderer="textFilter"	cellRenderer="expandable"/>
				<column id="magicdescription" fields="MagicInstrumentDescription" displayName="@{griddefinitions.child_currency}" width="90" mandatory="true"/>
			</columnDefinitions>
			<decorators>
				<columnSortDecorator/>
				<resetColumnsDecorator/>
				<selectionDecorator persistSelection="false" singleSelection="true"/>
			</decorators>
			<gridRowModel transformMode="live">
				<expandableRowGridDataProvider>
					<gridDataProvider type="rttpContainerGridDataProvider" container="/CONTAINER/FX/Major"/>
					<childRowDataProvider class="caplin.grid.dataprovider.expandable.ContainerChildRowDataProvider" config="caplinx.figrids.dataprovider.expandable.ContainerChildRowConfig"/>
				</expandableRowGridDataProvider>
			</gridRowModel>
		</gridTemplate>
		
		<gridTemplate id="DynamicExpandable" baseTemplate="nonDraggableFxGrid" displayedColumns="description,magicdescription,bestbid,bestask,rate">
			<columnDefinitions>
			 <column id="bestbid" headerRenderer="rangeFilter"/>
			 <column id="bestask" headerRenderer="rangeFilter"/>
				<column id="description" fields="InstrumentDescription" displayName="@{griddefinitions.currency}" width="80" mandatory="true" primaryFieldType="text"	headerRenderer="textFilter"	cellRenderer="expandable"/>
				<column id="magicdescription" fields="MagicInstrumentDescription" displayName="@{griddefinitions.child_currency}" width="90" mandatory="true"/>
			</columnDefinitions>
			<decorators>
			 <columnSortDecorator/>
			 <resetColumnsDecorator/>
			 <selectionDecorator persistSelection="false" singleSelection="true"/>
			</decorators>
			<gridRowModel>
				<expandableRowGridDataProvider>
					<gridDataProvider type="rttpContainerGridDataProvider" container="/CONTAINER/FX/Exotic"/>
					<childRowDataProvider class="caplin.grid.dataprovider.expandable.ContainerChildRowDataProvider" config="caplinx.figrids.dataprovider.expandable.ContainerChildRowConfigDynamic"/>
				</expandableRowGridDataProvider>
			</gridRowModel>
		</gridTemplate>
		
		<gridTemplate id="FI.OrderList" baseTemplate="filterableGrid" displayedColumns="list_name, request_id, description, cpn, mat, side, quantity, price, countdown, cancel, hit_lift, status, account, settlement_date">
			<decorators>
				<noDataFoundBubble headerText="@{griddefinitions.empty_fi_orderlist_title}" bodyText="@{griddefinitions.empty_fi_orderlist_message}"/>
				<oldTradeOnClickDecorator/>
			</decorators>
		   <columnDefinitions>
		   	    <column id="request_id" fields="RequestID, OverallTimeOutLeft" displayName="@{griddefinitions.request_id}" width="90" primaryFieldType="number"/>
		   	    <column id="list_name" fields="TradeListName" displayName="@{griddefinitions.list_name}" width="100" primaryFieldType="text"/>
		   	    <column id="price" fields="L1_Price" displayName="@{griddefinitions.price}" width="60" primaryFieldType="number"/>
		   	    <column id="quantity" fields="L1_Qty" displayName="@{griddefinitions.quantity}" cellRenderer="readable-number" width="90" primaryFieldType="number"/>
		   	    <column id="account" fields="Account" displayName="@{griddefinitions.counterparty}" width="90" primaryFieldType="text"/>
				<column id="ccy" fields="Currency" displayName="@{griddefinitions.Ccy}" width="35" primaryFieldType="text"/>
				<column id="description" cellRenderer="tradeList" fields="Description" displayName="@{griddefinitions.description}" width="100" primaryFieldType="text" headerRenderer="textFilter"/>
				<column id="instrument" cellRenderer="tradeList" fields="L1_InstrumentAlias" displayName="Instrument" width="140" primaryFieldType="text" headerRenderer="textFilter"/>
				<column id="cpn" cellRenderer="fi-coupon" headerRenderer="rangeFilter" fields="CpnRate" displayName="@{griddefinitions.coupon}" width="50" primaryFieldType="number" />
				<column id="mat" cellRenderer="fi-maturity" fields="MaturityDate" displayName="@{griddefinitions.maturity_date}" width="80"/>
				<column id="hit_lift" cellRenderer="hit-lift-trade-button" fields="X" displayName="&amp;nbsp;" width="42" fixed="true" resizable="false" sortable="false"/>
		   		<column id="cancel" cellRenderer="cancel-trade-button" fields="X" displayName="&amp;nbsp;" width="50" fixed="true" resizable="false" sortable="false"/>
		   	    <column id="settlement_date" cellRenderer="fi-maturity" fields="L1_SettlementDate" displayName="@{griddefinitions.sd}" width="80" primaryFieldType="text"/>
		   	    <column id="status" fields="State" displayName="@{griddefinitions.status}" width="100" primaryFieldType="text"/>
		   	    <column id="side" fields="L1_BuySell" displayName="@{griddefinitions.bs}" width="30" primaryFieldType="text"/>
		   	    <column id="countdown" cellRenderer="countdown-cell-progress-bar" fields="OverallTimeOutLeft" displayName="@{griddefinitions.otw}" width="50" primaryFieldType="number"/>
			</columnDefinitions>
			
		   <gridRowModel>
		   	<filterExpression name="stateFilter">
				<fieldFilter field="State" operator="~" value="OrderSentPending|OrderSent|QuoteRequestedPending|QuoteRequested|QuoteOnTheWire|QuoteSubject|CustAcceptOnTheWirePending|CustAcceptOnTheWire|CustAcceptedSubjectPending|CustAcceptedSubject|CustRejectedPending"/>
			</filterExpression>
		    <chainedGridDataProvider>
		    	<rowSource className="caplin.grid.rowsource.SortRowSource" />
		    	<rowSource className="caplin.grid.rowsource.FilterRowSource" filterType="live" />
		    	<rowSource className="caplin.trading.grid.TradeModelRowSource" assetClass="FI" />
		    </chainedGridDataProvider>
		   </gridRowModel>
		  </gridTemplate>
	</templates>
	
	<!-- CAUTION: the ids used within the grid section, unlike those within the gridTemplate section can not be changed once they
		have been used within production, as they may continue to exist within user's saved layouts for ever. -->
	<grids>
		
		<grid id="FI.PersonalGrid" baseTemplate="personalGrid" displayName="@{griddefinitions.fi_watchlist}" displayedColumns="remove, description, cpn, mat, bidyield, bidprice, askprice, askyield">
			<decorators>
				<watchListMenuDecorator />	
				<dragDecorator ddGroup="fiInstruments"/>
				<dropDecorator ddGroup="fiInstruments" showHeader="true"/>
				<noDataFoundBubble headerText="@{griddefinitions.new_fi_watchlist}" bodyText="@{griddefinitions.drag_drop_fi_to_populate_watchlist}" 
					connectionLostHeaderText="@{griddefinitions.data_unavailable}" connectionLostBodyText="@{griddefinitions.no_data_received}"
					noRowsFoundHeaderText="@{griddefinitions.no_products_found}" noRowsFoundBodyText="@{griddefinitions.adjust_search_criteria}"
					/>
				<chartCreationDecorator/>
			</decorators>
			<columnDefinitions>
				<column id="description" cellRenderer="description" fields="Description" displayName="@{griddefinitions.description}" width="110" mandatory="true" primaryFieldType="text" headerRenderer="textFilter"/>
				<column id="ccy" fields="Currency" displayName="Ccy" width="35" primaryFieldType="text"/>
				<column id="cpn" cellRenderer="fi-coupon" headerRenderer="rangeFilter" fields="CpnRate" displayName="@{griddefinitions.coupon}" width="50"/>
				<column id="mat" cellRenderer="fi-maturity" fields="MaturityDate" displayName="@{griddefinitions.maturity_date}" width="80"/>
				<column id="bidyield" cellRenderer="fi-yield" headerRenderer="rangeFilter" fields="BidYield" displayName="@{griddefinitions.bid_yield}" width="55" cssClass="flashing-price"/>
				<column id="bidprice" cellRenderer="fi-price" headerRenderer="rangeFilter" fields="BidPrice" displayName="@{griddefinitions.bid_price}" width="65" cssClass="flashing-price"/>
				<column id="askprice" cellRenderer="fi-price" headerRenderer="rangeFilter" fields="AskPrice" displayName="@{griddefinitions.ask_price}" width="65" cssClass="flashing-price"/>
				<column id="askyield" cellRenderer="fi-yield" headerRenderer="rangeFilter" fields="AskYield" displayName="@{griddefinitions.ask_yield}" width="55" cssClass="flashing-price"/>
				<column id="price" cellRenderer="fi-spread" fields="BidPrice,AskPrice" displayName="@{griddefinitions.price}" width="110" cssClass="flashing-spread"/>
			</columnDefinitions>
			<gridRowModel transformMode="live">
				<personalGridDataProvider>
					<allowPrefix prefix="/FI/" />
				</personalGridDataProvider>
			</gridRowModel>
		</grid>
		
		
		
			<grid id="FI.BONDS.ALL" displayName="@{griddefinitions.bond_search}" baseTemplate="fiGrid">
				<gridRowModel>
					<rttpContainerGridDataProvider container="/CONTAINER/FI/ALL"/>
				</gridRowModel>
			</grid>
			
			<grid id="FI.BONDS.EUGOV" displayName="@{griddefinitions.euroland_bonds}" baseTemplate="fiGrid">
				<gridRowModel>
					<rttpContainerGridDataProvider container="/CONTAINER/FI/GOV/EUGOV"/>
				</gridRowModel>
			</grid>
			
			<grid id="FI.BONDS.USTGOV" displayName="@{griddefinitions.us_treasuries}" baseTemplate="fiGrid">
				<gridRowModel>
					<rttpContainerGridDataProvider container="/CONTAINER/FI/GOV/USTGOV"/>
				</gridRowModel>
			</grid>
			
			<grid id="FI.BONDS.CORUSDAU" displayName="@{griddefinitions.automobiles}" baseTemplate="fiGrid">
				<gridRowModel>
					<rttpContainerGridDataProvider container="/CONTAINER/FI/COR/CORUSDAU"/>
				</gridRowModel>
			</grid>
			
			<grid id="FI.BONDS.CORUSDFO" displayName="@{griddefinitions.food_and_household}" baseTemplate="fiGrid">
				<gridRowModel>
					<rttpContainerGridDataProvider container="/CONTAINER/FI/COR/CORUSDFO"/>
				</gridRowModel>
			</grid>
			
			<grid id="FI.BONDS.CORUSDTX" displayName="@{griddefinitions.telecomms}" baseTemplate="fiGrid">
				<gridRowModel>
					<rttpContainerGridDataProvider container="/CONTAINER/FI/COR/CORUSDTX"/>
				</gridRowModel>
			</grid>
			
			<grid id="FI.BONDS.CORUSDOT" displayName="@{griddefinitions.other}" baseTemplate="fiGrid">
				<gridRowModel>
					<rttpContainerGridDataProvider container="/CONTAINER/FI/COR/CORUSDOT"/>
				</gridRowModel>
			</grid>
			
			<grid id="FI.BONDS.CORUSDFI" displayName="@{griddefinitions.financials}" baseTemplate="fiGrid">
				<gridRowModel>
					<rttpContainerGridDataProvider container="/CONTAINER/FI/COR/CORUSDFI"/>
				</gridRowModel>
			</grid>
			
			<grid id="FI.BONDS.CORUSDEN" displayName="@{griddefinitions.energy_sources}" baseTemplate="fiGrid">
				<gridRowModel>
					<rttpContainerGridDataProvider container="/CONTAINER/FI/COR/CORUSDEN"/>
				</gridRowModel>
			</grid>
			
			<grid id="FI.BONDS.CORUSDMM" displayName="@{griddefinitions.metals}" baseTemplate="fiGrid">
				<gridRowModel>
					<rttpContainerGridDataProvider container="/CONTAINER/FI/COR/CORUSDMM"/>
				</gridRowModel>
			</grid>
			
			<grid id="FI.BONDS.CORUSDXV" displayName="@{griddefinitions.utilities}" baseTemplate="fiGrid">
				<gridRowModel>
					<rttpContainerGridDataProvider container="/CONTAINER/FI/COR/CORUSDXV"/>
				</gridRowModel>
			</grid>
			
			<grid id="FI.BONDS.CORUSDCB" displayName="@{griddefinitions.banking}" baseTemplate="fiGrid">
				<gridRowModel>
					<rttpContainerGridDataProvider container="/CONTAINER/FI/COR/CORUSDCB"/>
				</gridRowModel>
			</grid>
			
			<grid id="FI.BONDS.CORUSDCB2" displayName="@{griddefinitions.banking_grouped}" baseTemplate="fiGrid" displayedColumns="description, cpn, mat, bidyield, price, askyield">
			 	<gridRowModel groupBy="Description">
					<rttpContainerGridDataProvider container="/CONTAINER/FI/COR/CORUSDCB"/>
					<sortRule field="Description" type="text"/>
				</gridRowModel>
			 	<decorators>
					<dragDecorator ddGroup="fiInstruments"/>
					<groupHeaderDecorator headerTextField="SubHeaderText"/>
					<selectionDecorator persistSelection="false" singleSelection="true"/>
				</decorators>
				<columnDefinitions>
					<column id="description" fields="Description, SubHeaderText"/>
				</columnDefinitions>
			</grid>
			
			<grid id="FI.BONDS.IRS.EUR" displayName="@{griddefinitions.euro_irs}" baseTemplate="irsGrid">
				<gridRowModel>
					<rttpContainerGridDataProvider container="/CONTAINER/FI/IRS/EUR"/>
				</gridRowModel>
			</grid>
			
			<grid id="FI.BONDS.IRS.USD" displayName="@{griddefinitions.us_irs}" baseTemplate="irsGrid">
				<gridRowModel>
					<rttpContainerGridDataProvider container="/CONTAINER/FI/IRS/USD"/>
				</gridRowModel>
			</grid>
			
			<grid id="FI.BONDS.CORUSDCB.UNGROUPED" displayName="@{griddefinitions.banking_ungrouped}" baseTemplate="fiGrid">
				<gridRowModel>
					<rttpContainerGridDataProvider container="/CONTAINER/FI/COR/CORUSDCB"/>
				</gridRowModel>
			</grid>
			
			<grid id="FI.BONDS.ATBMK" displayName="@{griddefinitions.austrian_benchmarks}" baseTemplate="fiGrid">
				<gridRowModel>
					<rttpContainerGridDataProvider container="/CONTAINER/FI/BMK/ATBMK"/>
				</gridRowModel>
			</grid>
			
			<grid id="FI.BONDS.BEBMK" displayName="@{griddefinitions.belgian_benchmarks}" baseTemplate="fiGrid">
				<gridRowModel>
					<rttpContainerGridDataProvider container="/CONTAINER/FI/BMK/BEBMK"/>
				</gridRowModel>
				<columnDefinitions>
                    <column id="description" cellRenderer="description" fields="Description" displayName="@{griddefinitions.description}" width="110" mandatory="true" primaryFieldType="tenor" headerRenderer="textFilter"/>                    
                </columnDefinitions>
			</grid>
			
			<grid id="FI.BONDS.CHBMK" displayName="@{griddefinitions.swiss_benchmarks}" baseTemplate="fiGrid">
				<gridRowModel>
					<rttpContainerGridDataProvider container="/CONTAINER/FI/BMK/CHBMK"/>
				</gridRowModel>
				<columnDefinitions>
                    <column id="description" cellRenderer="description" fields="Description" displayName="@{griddefinitions.description}" width="110" mandatory="true" primaryFieldType="tenor" headerRenderer="textFilter"/>                    
                </columnDefinitions>
			</grid>
			
			<grid id="FI.BONDS.DKBMK" displayName="@{griddefinitions.danish_benchmarks}" baseTemplate="fiGrid">
				<gridRowModel>
					<rttpContainerGridDataProvider container="/CONTAINER/FI/BMK/DKBMK"/>
				</gridRowModel>
				<columnDefinitions>
                    <column id="description" cellRenderer="description" fields="Description" displayName="@{griddefinitions.description}" width="110" mandatory="true" primaryFieldType="tenor" headerRenderer="textFilter"/>                    
                </columnDefinitions>
			</grid>
			
			<grid id="FI.BONDS.EUBMK" displayName="@{griddefinitions.euro_benchmarks}" baseTemplate="fiGrid">
				<gridRowModel>
					<rttpContainerGridDataProvider container="/CONTAINER/FI/BMK/EUBMK"/>
				</gridRowModel>
			</grid>
			
			<grid id="FI.BONDS.FRBMK" displayName="@{griddefinitions.french_benchmarks}" baseTemplate="fiGrid">
				<gridRowModel>
					<rttpContainerGridDataProvider container="/CONTAINER/FI/BMK/FRBMK"/>
				</gridRowModel>
				<columnDefinitions>
                    <column id="description" cellRenderer="description" fields="Description" displayName="@{griddefinitions.description}" width="110" mandatory="true" primaryFieldType="tenor" headerRenderer="textFilter"/>                    
                </columnDefinitions>
			</grid>
			
			<grid id="FI.BONDS.GRBMK" displayName="@{griddefinitions.greek_benchmarks}" baseTemplate="fiGrid">
				<gridRowModel>
					<rttpContainerGridDataProvider container="/CONTAINER/FI/BMK/GRBMK"/>
				</gridRowModel>
				<columnDefinitions>
                    <column id="description" cellRenderer="description" fields="Description" displayName="@{griddefinitions.description}" width="110" mandatory="true" primaryFieldType="tenor" headerRenderer="textFilter"/>                    
                </columnDefinitions>
			</grid>
			
			<grid id="FI.BONDS.ITBMK" displayName="@{griddefinitions.italian_benchmarks}" baseTemplate="fiGrid">
				<gridRowModel>
					<rttpContainerGridDataProvider container="/CONTAINER/FI/BMK/ITBMK"/>
				</gridRowModel>
				<columnDefinitions>
                    <column id="description" cellRenderer="description" fields="Description" displayName="@{griddefinitions.description}" width="110" mandatory="true" primaryFieldType="tenor" headerRenderer="textFilter"/>                    
                </columnDefinitions>
			</grid>
			
			<grid id="FI.BONDS.NLBMK" displayName="@{griddefinitions.dutch_benchmarks}" baseTemplate="fiGrid">
				<gridRowModel>
					<rttpContainerGridDataProvider container="/CONTAINER/FI/BMK/NLBMK"/>
				</gridRowModel>
				<columnDefinitions>
                    <column id="description" cellRenderer="description" fields="Description" displayName="@{griddefinitions.description}" width="110" mandatory="true" primaryFieldType="tenor" headerRenderer="textFilter"/>                    
                </columnDefinitions>
			</grid>
			
			<grid id="FI.BONDS.NZBMK" displayName="@{griddefinitions.kiwi_benchmarks}" baseTemplate="fiGrid">
				<gridRowModel>
					<rttpContainerGridDataProvider container="/CONTAINER/FI/BMK/NZBMK"/>
				</gridRowModel>
				<columnDefinitions>
                    <column id="description" cellRenderer="description" fields="Description" displayName="@{griddefinitions.description}" width="110" mandatory="true" primaryFieldType="tenor" headerRenderer="textFilter"/>                    
                </columnDefinitions>
			</grid>
			
			<grid id="FI.BONDS.AUBMK" displayName="@{griddefinitions.autralian_benchmarks}" baseTemplate="fiGrid">
				<gridRowModel>
					<rttpContainerGridDataProvider container="/CONTAINER/FI/BMK/AUBMK"/>
				</gridRowModel>
				<columnDefinitions>
                    <column id="description" cellRenderer="description" fields="Description" displayName="@{griddefinitions.description}" width="110" mandatory="true" primaryFieldType="tenor" headerRenderer="textFilter"/>                    
                </columnDefinitions>
			</grid>
			
			<grid id="FI.BONDS.CABMK" displayName="@{griddefinitions.canadian_benchmarks}" baseTemplate="fiGrid">
				<gridRowModel>
					<rttpContainerGridDataProvider container="/CONTAINER/FI/BMK/CABMK"/>
				</gridRowModel>
				<columnDefinitions>
                    <column id="description" cellRenderer="description" fields="Description" displayName="@{griddefinitions.description}" width="110" mandatory="true" primaryFieldType="tenor" headerRenderer="textFilter"/>                    
                </columnDefinitions>
			</grid>
			
			<grid id="FI.BONDS.DEBMK" displayName="@{griddefinitions.german_benchmarks}" baseTemplate="fiGrid">
				<gridRowModel>
					<rttpContainerGridDataProvider container="/CONTAINER/FI/BMK/DEBMK"/>
				</gridRowModel>
				<columnDefinitions>
                    <column id="description" cellRenderer="description" fields="Description" displayName="@{griddefinitions.description}" width="110" mandatory="true" primaryFieldType="tenor" headerRenderer="textFilter"/>                    
                </columnDefinitions>
			</grid>
			
			<grid id="FI.BONDS.ESBMK" displayName="@{griddefinitions.spanish_benchmarks}" baseTemplate="fiGrid">
				<gridRowModel>
					<rttpContainerGridDataProvider container="/CONTAINER/FI/BMK/ESBMK"/>
				</gridRowModel>
				<columnDefinitions>
                    <column id="description" cellRenderer="description" fields="Description" displayName="@{griddefinitions.description}" width="110" mandatory="true" primaryFieldType="tenor" headerRenderer="textFilter"/>                    
                </columnDefinitions>
			</grid>
			
			<grid id="FI.BONDS.FIBMK" displayName="@{griddefinitions.finnish_benchmarks}" baseTemplate="fiGrid">
				<gridRowModel>
					<rttpContainerGridDataProvider container="/CONTAINER/FI/BMK/FIBMK"/>
				</gridRowModel>
				<columnDefinitions>
                    <column id="description" cellRenderer="description" fields="Description" displayName="@{griddefinitions.description}" width="110" mandatory="true" primaryFieldType="tenor" headerRenderer="textFilter"/>                    
                </columnDefinitions>
			</grid>
			
			<grid id="FI.BONDS.GBBMK" displayName="@{griddefinitions.british_benchmarks}" baseTemplate="fiGrid">
				<gridRowModel>
					<rttpContainerGridDataProvider container="/CONTAINER/FI/BMK/GBBMK"/>
				</gridRowModel>
				<columnDefinitions>
                    <column id="description" cellRenderer="description" fields="Description" displayName="@{griddefinitions.description}" width="110" mandatory="true" primaryFieldType="tenor" headerRenderer="textFilter"/>                    
                </columnDefinitions>
			</grid>
			
			<grid id="FI.BONDS.IEBMK" displayName="@{griddefinitions.irish_benchmarks}" baseTemplate="fiGrid">
				<gridRowModel>
					<rttpContainerGridDataProvider container="/CONTAINER/FI/BMK/IEBMK"/>
				</gridRowModel>
				<columnDefinitions>
                    <column id="description" cellRenderer="description" fields="Description" displayName="@{griddefinitions.description}" width="110" mandatory="true" primaryFieldType="tenor" headerRenderer="textFilter"/>                    
                </columnDefinitions>
			</grid>
			
			<grid id="FI.BONDS.JPBMK" displayName="@{griddefinitions.japanese_benchmarks}" baseTemplate="fiGrid">
				<gridRowModel>
					<rttpContainerGridDataProvider container="/CONTAINER/FI/BMK/JPBMK"/>
				</gridRowModel>
				<columnDefinitions>
                    <column id="description" cellRenderer="description" fields="Description" displayName="@{griddefinitions.description}" width="110" mandatory="true" primaryFieldType="tenor" headerRenderer="textFilter"/>                    
                </columnDefinitions>
			</grid>
			
			<grid id="FI.BONDS.NOBMK" displayName="@{griddefinitions.norwegian_benchmarks}" baseTemplate="fiGrid">
				<gridRowModel>
					<rttpContainerGridDataProvider container="/CONTAINER/FI/BMK/NOBMK"/>
				</gridRowModel>
				<columnDefinitions>
                    <column id="description" cellRenderer="description" fields="Description" displayName="@{griddefinitions.description}" width="110" mandatory="true" primaryFieldType="tenor" headerRenderer="textFilter"/>                    
                </columnDefinitions>
			</grid>
			
			<grid id="FI.BONDS.PTBMK" displayName="@{griddefinitions.portuguese_benchmarks}" baseTemplate="fiGrid">
				<gridRowModel>
					<rttpContainerGridDataProvider container="/CONTAINER/FI/BMK/PTBMK"/>
				</gridRowModel>
				<columnDefinitions>
                    <column id="description" cellRenderer="description" fields="Description" displayName="@{griddefinitions.description}" width="110" mandatory="true" primaryFieldType="tenor" headerRenderer="textFilter"/>                    
                </columnDefinitions>
			</grid>
			
			<grid id="FI.BONDS.USBMK" displayName="@{griddefinitions.us_benchmarks}" baseTemplate="fiGrid">
				<gridRowModel>
					<rttpContainerGridDataProvider container="/CONTAINER/FI/BMK/USBMK"/>
				</gridRowModel>
			</grid>
	</grids>
</gridDefinitions>
