<?xml version="1.0" encoding="UTF-8"?>
<resources xmlns="http://schema.caplin.com/CaplinTrader/Resources">
	<requiredClasses>

		<!-- renderers -->
		<className>caplin.control.basic.TextControl</className>
		<className>caplin.element.styler.ClassFlashStyler</className>
		<className>caplin.element.formatter.ThousandsFormatter</className>

		<className>caplin.element.formatter.DateFormatter</className>
		<className>caplin.element.formatter.NullValueFormatter</className>
		<className>caplin.element.styler.ClassStyler</className>
		<className>caplin.control.basic.ImageTextControl</className>
		<className>caplin.element.styler.ButtonStyler</className>
		<className>caplin.control.basic.ImageControl</className>
		<className>caplin.element.formatter.TimeFormatter</className>
		<className>caplin.element.formatter.ThousandsFormatter</className>

	</requiredClasses>
</resources>

