<?xml version="1.0" encoding="UTF-8"?>
<resources xmlns="http://schema.caplin.com/CaplinTrader/Resources">
	<requiredClasses>
		<className>caplinx.alerts.rowsource.TriggerManagerRowSource</className>
		<className>caplinx.alerts.rowsource.NotificationRowSource</className>
		<className>caplinx.alerts.rowsource.ActiveAlertsDefaultSortRowSource</className>
		<className>caplinx.alerts.view.controller.NewAlertController</className>
		<className>caplinx.alerts.view.controller.ButtonHeaderController</className>
		<className>caplinx.alerts.view.component.AlertsDrawer</className>
		<className>caplinx.alerts.view.component.NotificationsButtonBarComponent</className>
		<className>caplinx.alerts.view.component.NotificationsButtonBarViewGenerator</className>
		<className>caplinx.alerts.view.component.AlertsDrawerPersistor</className>
		<className>caplinx.alerts.view.component.AlertsDrawerComponent</className>
		<className>caplinx.alerts.view.handler.AlertsDrawerButtonHandler</className>
		<className>caplinx.alerts.view.handler.GridBarButtonHandler</className>
		<className>caplinx.alerts.view.handler.DeleteButtonHandler</className>
		<className>caplinx.alerts.view.handler.DismissButtonHandler</className>
		<className>caplinx.alerts.view.handler.ClearButtonHandler</className>
		<className>caplinx.alerts.view.AlertsService</className>
		<className>caplinx.alerts.view.NotificationCounter</className>
		<className>caplinx.alerts.ext.Spinner</className>
		<className>caplinx.alerts.ext.SpinnerStrategy</className>

		<className>caplin.element.styler.StaleStyler</className>
		<className>caplin.dom.implementations.ExtSpinnerImplementation</className>
		<className>caplin.widget.formcontrols.implementations.ThreeImageButtonImplementation</className>
	</requiredClasses>
</resources>
