<?xml version="1.0" encoding="UTF-8"?>
<resources xmlns="http://schema.caplin.com/CaplinTrader/Resources">
	<requiredClasses>
		<!-- renderers -->
		<className>caplin.control.basic.TextControl</className>
		<className>caplin.element.styler.ClassFlashStyler</className>
		<className>caplin.element.formatter.ThousandsFormatter</className>
		<className>caplinb.figrids.styler.PriceStyler</className>
		
		<className>caplinb.figrids.handler.TradeOnClickHandler</className>

		<className>caplin.element.formatter.DecimalFormatter</className>
		<className>caplin.element.formatter.DateFormatter</className>
		<className>caplin.element.formatter.NullValueFormatter</className>
		<className>caplinb.figrids.handler.RemoveGridRowOnClickHandler</className>
		<className>caplin.element.styler.RemoveButtonStyler</className>
		<className>caplin.element.styler.ClassStyler</className>
		<className>caplin.control.basic.ProgressGridCellControl</className>
		<className>caplin.element.styler.ProgressCellStyler</className>
		<className>caplin.control.basic.ImageTextControl</className>
		<className>caplin.element.styler.ButtonStyler</className>
		<className>caplin.element.styler.ClassStyler</className>
		<className>caplin.control.basic.ImageControl</className>
		<className>caplin.element.formatter.TimeFormatter</className>
		<className>caplin.control.basic.ExpandableGridRowControl</className>
		<className>caplinb.figrids.handler.ExpandableRowHandler</className>
		<className>caplinb.figrids.styler.ExpandableRowStyler</className>
		<className>caplinb.figrids.formatter.SnapshotMaturityDateFormatter</className>

		<className>caplin.grid.decorator.LoadingDataDecorator</className>
		<className>caplin.grid.decorator.HoverDecorator</className>
		<className>caplin.grid.decorator.ScrollTipDecorator</className>
		<className>caplin.grid.decorator.SelectionDecorator</className>
		<className>caplin.grid.decorator.NoDataFoundBubbleMessageDecorator</className>
		<className>caplin.grid.decorator.ColumnMenuDecorator</className>
		<className>caplin.grid.decorator.ColumnReorderingDecorator</className>
		<className>caplin.grid.decorator.ColumnResizingDecorator</className>
		<className>caplin.grid.decorator.RowLoadingDecorator</className>
		<className>caplin.grid.decorator.ColumnSortDecorator</className>
		<className>caplin.grid.decorator.DragDecorator</className>

		<className>caplinb.figrids.handler.HitLiftOnClickHandler</className>
		<className>caplinb.figrids.formatter.HitLiftButtonFormatter</className>
		<className>caplinb.figrids.decorator.ChartCreationDecorator</className>
		<className>caplinb.figrids.decorator.OldTradeOnClickDecorator</className>
		<className>caplinb.figrids.handler.CancelOnClickHandler</className>

		<className>caplinb.figrids.dataprovider.expandable.ContainerChildRowConfig</className>
		<className>caplinb.figrids.dataprovider.expandable.ContainerChildRowConfigDynamic</className>

		<className>caplinb.figrids.styler.RecentEntryStyler</className>
	</requiredClasses>
</resources>

