<?xml version="1.0" encoding="UTF-8"?>
<resources xmlns="http://schema.caplin.com/CaplinTrader/Resources">
	<requiredClasses>
		<className>caplinx.tradelist.TradeListConstants</className>
		<className>caplinx.tradelist.afo.TradeAfo</className>
		<className>caplinx.tradelist.afo.TradeAfoSet</className>
		<className>caplinx.tradelist.view.controller.TradeListController</className>
		<className>caplinx.tradelist.view.decorator.TradeListInjector</className>
		<className>caplinx.tradelist.util.TradeListNameGenerator</className>
		<className>caplinx.tradelist.view.control.GridControl</className>
		<className>caplinx.tradelist.view.control.EmptyControl</className>
		<className>caplinx.tradelist.view.handler.AmountChangeHandler</className>
		<className>caplin.element.handler.EditHandler</className>
		<className>caplin.element.handler.RemoveGridRowOnClickHandler</className>			
		<className>caplinx.tradelist.view.handler.EditHandler</className>
		<className>caplinx.tradelist.view.handler.MouseOverHandler</className>
		<className>caplin.grid.decorator.RemoveRowDecorator</className>
		<className>caplinx.tradelist.view.decorator.EditableGridDecorator</className>	
		<className>caplinx.tradelist.view.decorator.DefaultValueDecorator</className>
		<className>caplinx.tradelist.view.decorator.ConditionalInitialValueDecorator</className>	
		<className>caplin.element.parser.ThousandsParser</className>
		<className>caplin.element.parser.RegExpParser</className>
		<className>caplin.control.basic.InputControl</className>
		<className>caplin.element.parser.AmountParser</className>
	</requiredClasses>
</resources>
