<?xml version="1.0" encoding="UTF-8"?>
<!DOCTYPE rttpservice SYSTEM "rttpservice.dtd">

<rttpservice>

   <!-- optional name for the service -->
   <name>Example RTTP Service</name>

   <!-- optional specification of the failover algorithm to use; if this is
        included the client cannot override it -->
   <failoveralgorithm>U</failoveralgorithm>

   <!-- definition of the Liberators that make up this service -->
   <rttpsite>

      <!-- first primary/backup Liberator pair -->
      <serverpair>
         <!-- primary Liberator -->
         <primaryserver>
            <address>@XAQUA.HOSTNAME@</address>
            <connections>
               <type5>http</type5>
               <type4>http</type4>
               <type3>http</type3>
            </connections>
            <ports>
               <http>@XAQUA.LIBERATOR.PORT@</http>
            </ports>
         </primaryserver>

         <!-- backup Liberator -->
         <backupserver>
            <address>@XAQUA.FAILOVER.LIBERATOR.HOSTNAME@</address>
            <connections>
               <type5>http</type5>
               <type4>http</type4>
               <type3>http</type3>
            </connections>
            <ports>
               <http>@XAQUA.FAILOVER.LIBERATOR.PORT@</http>
            </ports>
         </backupserver>
      </serverpair>

   </rttpsite>

</rttpservice>
