<?xml version="1.0" encoding="UTF-8"?>
<!DOCTYPE rttpservice SYSTEM "rttpservice.dtd">

<rttpservice>

   <!-- optional name for the service -->
   <name>Example RTTP Service</name>

   <!-- optional specification of the failover algorithm to use; if this is
        included the client cannot override it -->
   <failoveralgorithm>U</failoveralgorithm>

   <!-- definition of the Liberators that make up this service -->
   <rttpsite>

      <!-- first primary/backup Liberator pair -->
      <serverpair>
         <!-- primary Liberator -->
         <primaryserver>
            <address>@XAQUA.SSL.LIBERATOR.HOSTNAME@</address>
            <connections>
               <type5>https</type5>
               <type4>https</type4>
               <type3>https</type3>
            </connections>
            <ports>
               <https>@XAQUA.SSL.LIBERATOR.PORT@</https>
            </ports>
         </primaryserver>

         <!-- backup Liberator -->
         <backupserver>
            <address>@XAQUA.FAILOVER.SSL.LIBERATOR.HOSTNAME@</address>
            <connections>
               <type5>https</type5>
               <type4>https</type4>
               <type3>https</type3>
            </connections>
            <ports>
               <https>@XAQUA.FAILOVER.SSL.LIBERATOR.PORT@</https>
            </ports>
         </backupserver>
      </serverpair>

   </rttpsite>

</rttpservice>
