<settings>

	<proxies>
		<!-- CUSTOMIZE: your firewall proxy settings go here.  See http://maven.apache.org/settings.html#Proxies -->
	</proxies>

	<servers>
		<!-- CUSTOMIZE: your server authentication credentials for Caplin's Maven repository go here.  See http://maven.apache.org/settings.html#Servers -->
	</servers>

	<mirrors>
		<!-- CUSTOMIZE: use your nearest Internet mirror.  See http://maven.apache.org/guides/mini/guide-mirror-settings.html -->
		<!--<mirror>
			<id>netcologne.de</id>
			<url>http://mirror.netcologne.de/maven2</url>
			<mirrorOf>central</mirrorOf>
			<name>European Mirror: Germany, Cologne</name>
		</mirror>-->
	</mirrors>

	<profiles>
		<profile>
			<id>build-desktop</id>
		</profile>
		<profile>
			<id>build-continuous-integration</id>
			<properties>
				<integration.repo>http://artifactory.caplin.com/cruise</integration.repo>
			</properties>
		</profile>
		<profile>
			<id>build-release</id>
			<properties>
				<integration.repo>http://artifactory.caplin.com/release</integration.repo>
			</properties>
		</profile>
	
		<!-- source repositories: the build will download artifacts from these repositories -->
		<profile>
			<id>caplin-artifactory-profile</id>
			<activation>
				<activeByDefault>@MAVEN.ARTIFACTORY@</activeByDefault>
			</activation>	
			<repositories>
				<repository>
					<id>caplin-artifactory-repo</id>
					<name>Caplin release repository</name>
					<url>http://artifactory.caplin.com/repo</url>
					<releases>
						<enabled>true</enabled>
						<updatePolicy>always</updatePolicy>
						<checksumPolicy>fail</checksumPolicy>
					</releases>
					<snapshots> 
						<enabled>false</enabled> 
						<checksumPolicy>fail</checksumPolicy>
					</snapshots> 
				</repository>
			</repositories>
		</profile>
		<profile>
			<id>caplin-sdk-profile</id>
			<activation>
				<activeByDefault>true</activeByDefault>
			</activation>	
			<repositories>
				<repository>
					<id>caplin-sdk-repo</id>
					<name>Caplin SDK repository</name>
					<url>file://@CAPLIN.SDK.HOME@/.m2/repository</url>
					<releases>
						<enabled>true</enabled>
						<updatePolicy>always</updatePolicy>
						<checksumPolicy>fail</checksumPolicy>
					</releases>
					<snapshots> 
						<enabled>true</enabled> 
						<checksumPolicy>fail</checksumPolicy>
					</snapshots> 
				</repository>
			</repositories>
		</profile>
		<!-- CUSTOMIZE: internet repositories: the build will download artifacts from these repositories -->
		<!--<profile>
			<id>internet-repos</id>
			<activation>
				<activeByDefault>true</activeByDefault>
			</activation>	
			<repositories>
				<repository>
					<id>netcologne.de</id>
					<name>European Mirror: Germany, Cologne</name>
					<url>http://mirror.netcologne.de/maven2</url>
					<releases>
						<enabled>true</enabled>
						<updatePolicy>daily</updatePolicy>
						<checksumPolicy>fail</checksumPolicy>
					</releases>
					<snapshots> 
						<enabled>false</enabled> 
						<checksumPolicy>fail</checksumPolicy>
					</snapshots> 
				</repository>
				<repository>
				    <id>sun-repo</id>
				    <name>Sun release repository</name>
				    <url>http://download.java.net/maven/2</url>
					<releases>
						<enabled>true</enabled>
						<updatePolicy>daily</updatePolicy>
						<checksumPolicy>fail</checksumPolicy>
					</releases>
					<snapshots> 
						<enabled>false</enabled> 
						<checksumPolicy>fail</checksumPolicy>
					</snapshots> 
				</repository>
			</repositories>
		</profile>-->
	</profiles>

	<pluginGroups>
		<pluginGroup>com.octo.mtg</pluginGroup>
	</pluginGroups>

</settings>
