<?xml version="1.0" encoding="UTF-8"?>
<tradeModels> 
	<tradeModel name="ESP" initialState="Initial">
		<state name="Initial">
		 	<transition target="OpenSent" trigger="Open" source="client"/>
		</state>
		<state name="Timeout"/>
		<state name="OpenSent" timeout="10" timeoutState="Timeout">
		 	<transition target="Opened" trigger="OpenAck" source="server"/>
		</state>
		<state name="Opened" timeout="10" timeoutState="Timeout">
		 	<transition target="TradeConfirmed" trigger="TradeConfirmation" source="server"/>
		 	<transition target="TradePassed" trigger="Pass" source="server"/>
		 	<transition target="TradeExpired" trigger="Expired" source="server"/>
		</state>
		<state name="TradeConfirmed"/>
		<state name="TradePassed"/>
		<state name="TradeExpired"/>
	</tradeModel>
	
	<tradeModel name="RFS" initialState="Initial">
		<state name="Initial">
			<transition target="OpenSent" trigger="Open" source="client"/>
		</state>
		<state name="OpenSent">
			<transition target="Opened" trigger="OpenAck" source="server"/>
			<transition target="ClientCloseSent" trigger="ClientClose" source="client"/>
		</state>
		<state name="Opened">
			<transition target="Executable" trigger="PriceUpdate" source="server"/>
			<transition target="Expired" trigger="Expired" source="server"/>
			<transition target="ClientCloseSent" trigger="ClientClose" source="client"/>
		</state>
		<state name="Executable">
			<transition target="Withdrawn" trigger="Withdraw" source="server"/>
			<transition target="Executable" trigger="PriceUpdate" source="server"/>
			<transition target="ClientCloseSent" trigger="ClientClose" source="client"/>
			<transition target="Expired" trigger="Expired" source="server"/>
			<transition target="ExecuteSent" trigger="Execute" source="client"/>
		</state>
		<state name="Withdrawn">
			<transition target="Executable" trigger="PriceUpdate" source="server"/>
			<transition target="ClientCloseSent" trigger="ClientClose" source="client"/>
			<transition target="Expired" trigger="Expired" source="server"/>
		</state>
		<state name="ClientCloseSent">
			<transition target="ClientClosed" trigger="ClientCloseAck" source="server"/>
		</state>
		<state name="ClientClosed"/>
		<state name="Expired"/>
		<state name="ExecuteSent">
			<transition target="Executed" trigger="ExecuteAck" source="server"/>
		</state>
		<state name="Executed">
			<transition target="TradeConfirmed" trigger="TradeConfirmation" source="server"/>
			<transition target="TradePassed" trigger="Pass" source="server"/>
			<transition target="ExecuteExpired" trigger="ExecuteExpired" source="server"/>
		</state>
		<state name="TradeConfirmed"/>
		<state name="TradePassed"/>
		<state name="ExecuteExpired"/>
	</tradeModel>
	
	
	
</tradeModels>
