<?xml version="1.0" encoding="UTF-8"?>
<tileViewDefinitions xmlns="http://schema.caplin.com/CaplinTrader/tileViewDefinitions">
	<headerMappings>
		<headerMapping id="fxHeader" className="leanx.trading.presentation.tile.FxTileViewHeader"/>
	</headerMappings>
	
	<decoratorMappings>
		<decoratorMapping id="dropDecorator" className="caplin.trading.presentation.tile.decorator.DropDecorator" />
	</decoratorMappings>
	
	<templates>
		<tileViewTemplate id="FX">
			<header refId="fxHeader" />
			<decorators>
				<dropDecorator ddGroup="fxInstruments" showHeader="false"/>
			</decorators>
		</tileViewTemplate>
	</templates>
	
</tileViewDefinitions>
