<rendererDefinitions xmlns="http://schema.caplin.com/CaplinTrader/rendererDefinitions">
	<renderer type="alert-text">
		<control type="caplin.control.basic.TextControl" />
		<downstream>
			<transform className="caplin.element.styler.StaleStyler" include="RECORD_STATUS">
				<attribute name="recordStatus" value="${RECORD_STATUS}" />
				<attribute name="class-stale" value="stale" />
			</transform>
			<transform name="caplin.element.formatter.NullValueFormatter">
				<attribute name="nullValue" value="" />
				<attribute name="class-stale" value="stale" />
			</transform>
		</downstream>
	</renderer>
	<renderer type="text">
		<control type="caplin.control.basic.TextControl" />
		<downstream>
			<transform name="caplin.element.formatter.NullValueFormatter">
				<attribute name="nullValue" value="" />
			</transform>
		</downstream>
	</renderer>
		<renderer type="date">
		<control type="caplin.control.basic.TextControl" />
		<downstream>
			<transform name="caplin.element.formatter.DateFormatter">
				<attribute name="inputFormat" value="java" />
				<!--attribute name="adjustForTimezone" value="true" /-->
			</transform>
		</downstream>
	</renderer>
	<renderer type="alert-date">
		<control type="caplin.control.basic.TextControl" />
		<downstream>
			<transform className="caplin.element.styler.StaleStyler" include="RECORD_STATUS">
				<attribute name="recordStatus" value="${RECORD_STATUS}" />
				<attribute name="class-stale" value="stale" />
			</transform>
			<transform name="caplin.element.formatter.DateFormatter">
				<attribute name="inputFormat" value="java" />
				<!--attribute name="adjustForTimezone" value="true" /-->
			</transform>
		</downstream>
	</renderer>
	
	<renderer type="alerts-drawer-button">
		<control className="caplin.control.basic.ImageControl">
			<![CDATA[<div><div class=buttonHolder><div class=buttonLeft></div><div class=buttonRight></div></div><span class=buttonText>@{blade.alerts.statusbar.button.caption}</span></div>]]>
			<top-mouseout>0</top-mouseout>
			<top-mouseover>15</top-mouseover>
			<top-mousedown>30</top-mousedown>
			<top-disabled>45</top-disabled>
			<handler className="caplinb.alerts.view.handler.AlertsDrawerButtonHandler"></handler>
		</control>
		<downstream>
			<transform className="caplin.element.styler.ClassStyler">
				<attribute name="class" value="ImageButton"/>  <!-- CSS rule to apply cursor pointer -->
				<attribute name="state" value="true"/>
			</transform>
		</downstream>
	</renderer>
</rendererDefinitions>

