<?xml version='1.0' encoding='utf-8'?>
<!DOCTYPE hibernate-configuration PUBLIC
        "-//Hibernate/Hibernate Configuration DTD 3.0//EN"
        "http://hibernate.sourceforge.net/hibernate-configuration-3.0.dtd">

<hibernate-configuration>
    <session-factory >
		<!-- local connection properties -->
		<property name="hibernate.connection.pool_size">10</property>		
        <property name="hibernate.show_sql">false</property>
		
		<!-- configure hibernate to use the c3p0 connection pool -->
		<property name="hibernate.c3p0.max_size">1</property>
		<property name="hibernate.c3p0.min_size">0</property>
		<property name="hibernate.c3p0.timeout">28000</property>
		<property name="hibernate.c3p0.max_statements">1000</property>
		<property name="hibernate.c3p0.idle_test_period">300</property>
		<property name="hibernate.c3p0.acquire_increment">2</property>

		<!-- enable hibernates automatic session context management -->
        <property name="current_session_context_class">thread</property>

		<!-- disable the second-level cache -->
        <!--property name="cache.provider_class">org.hibernate.cache.NoCacheProvider</property-->

		<!-- drop and recreate the database schema -->
        <!--property name="hbm2ddl.auto">create</property-->

        <mapping resource="com/caplin/webcentric_servlet/hibernate/Login.hbm.xml"/>
        <mapping resource="com/caplin/webcentric_servlet/hibernate/Application.hbm.xml"/>
        <mapping resource="com/caplin/webcentric_servlet/hibernate/User.hbm.xml"/>
        <mapping resource="com/caplin/webcentric_servlet/hibernate/Page.hbm.xml"/>
        <mapping resource="com/caplin/webcentric_servlet/hibernate/Preference.hbm.xml"/>
        <mapping resource="com/caplin/webcentric_servlet/hibernate/Theme.hbm.xml"/>
        <mapping resource="com/caplin/webcentric_servlet/hibernate/Layout.hbm.xml"/>
        <mapping resource="com/caplin/webcentric_servlet/hibernate/PageType.hbm.xml"/>
        <mapping resource="com/caplin/webcentric_servlet/hibernate/ApplicationPreference.hbm.xml"/>
    </session-factory>
</hibernate-configuration>